areaCode,areaName,areaType,date,cumVaccinationSecondDoseUptakeByPublishDatePercentage
W92000004,Wales,nation,2022-11-02,89.6
W92000004,Wales,nation,2022-11-01,89.6
W92000004,Wales,nation,2022-10-31,89.6
W92000004,Wales,nation,2022-10-30,89.6
W92000004,Wales,nation,2022-10-29,89.6
W92000004,Wales,nation,2022-10-28,89.6
W92000004,Wales,nation,2022-10-27,89.6
W92000004,Wales,nation,2022-10-26,89.6
W92000004,Wales,nation,2022-10-25,89.6
W92000004,Wales,nation,2022-10-24,89.6
W92000004,Wales,nation,2022-10-23,89.6
W92000004,Wales,nation,2022-10-22,89.6
W92000004,Wales,nation,2022-10-21,89.5
W92000004,Wales,nation,2022-10-20,89.5
W92000004,Wales,nation,2022-10-19,89.5
W92000004,Wales,nation,2022-10-18,89.5
W92000004,Wales,nation,2022-10-17,89.5
W92000004,Wales,nation,2022-10-16,89.5
W92000004,Wales,nation,2022-10-15,89.5
W92000004,Wales,nation,2022-10-14,89.5
W92000004,Wales,nation,2022-10-13,89.5
W92000004,Wales,nation,2022-10-12,89.5
W92000004,Wales,nation,2022-10-11,89.4
W92000004,Wales,nation,2022-10-10,89.4
W92000004,Wales,nation,2022-10-09,89.4
W92000004,Wales,nation,2022-10-08,89.4
W92000004,Wales,nation,2022-10-07,89.4
W92000004,Wales,nation,2022-10-06,89.4
W92000004,Wales,nation,2022-10-05,89.4
W92000004,Wales,nation,2022-10-04,89.4
W92000004,Wales,nation,2022-10-03,89.4
W92000004,Wales,nation,2022-10-02,89.4
W92000004,Wales,nation,2022-10-01,89.4
W92000004,Wales,nation,2022-09-30,89.4
W92000004,Wales,nation,2022-09-29,89.4
W92000004,Wales,nation,2022-09-28,89.4
W92000004,Wales,nation,2022-09-27,89.4
W92000004,Wales,nation,2022-09-26,89.4
W92000004,Wales,nation,2022-09-25,89.4
W92000004,Wales,nation,2022-09-24,89.3
W92000004,Wales,nation,2022-09-23,89.3
W92000004,Wales,nation,2022-09-22,89.3
W92000004,Wales,nation,2022-09-21,89.3
W92000004,Wales,nation,2022-09-20,89.3
W92000004,Wales,nation,2022-09-19,89.3
W92000004,Wales,nation,2022-09-18,89.3
W92000004,Wales,nation,2022-09-17,89.3
W92000004,Wales,nation,2022-09-16,89.3
W92000004,Wales,nation,2022-09-15,89.3
W92000004,Wales,nation,2022-09-14,89.3
W92000004,Wales,nation,2022-09-13,89.3
W92000004,Wales,nation,2022-09-12,89.3
W92000004,Wales,nation,2022-09-11,89.3
W92000004,Wales,nation,2022-09-10,89.3
W92000004,Wales,nation,2022-09-09,89.3
W92000004,Wales,nation,2022-09-08,89.3
W92000004,Wales,nation,2022-09-07,89.3
W92000004,Wales,nation,2022-09-06,89.3
W92000004,Wales,nation,2022-09-05,89.3
W92000004,Wales,nation,2022-09-04,89.3
W92000004,Wales,nation,2022-09-03,89.3
W92000004,Wales,nation,2022-09-02,89.2
W92000004,Wales,nation,2022-09-01,89.2
W92000004,Wales,nation,2022-08-31,89.2
W92000004,Wales,nation,2022-08-30,89.2
W92000004,Wales,nation,2022-08-29,89.2
W92000004,Wales,nation,2022-08-28,89.2
W92000004,Wales,nation,2022-08-27,89.2
W92000004,Wales,nation,2022-08-26,89.2
W92000004,Wales,nation,2022-08-25,89.2
W92000004,Wales,nation,2022-08-24,89.2
W92000004,Wales,nation,2022-08-23,89.1
W92000004,Wales,nation,2022-08-22,89.1
W92000004,Wales,nation,2022-08-21,89.1
W92000004,Wales,nation,2022-08-20,89.1
W92000004,Wales,nation,2022-08-19,89.1
W92000004,Wales,nation,2022-08-18,89.1
W92000004,Wales,nation,2022-08-17,89.1
W92000004,Wales,nation,2022-08-16,89.1
W92000004,Wales,nation,2022-08-15,89.0
W92000004,Wales,nation,2022-08-14,89.0
W92000004,Wales,nation,2022-08-13,89.0
W92000004,Wales,nation,2022-08-12,89.0
W92000004,Wales,nation,2022-08-11,89.0
W92000004,Wales,nation,2022-08-10,89.0
W92000004,Wales,nation,2022-08-09,89.0
W92000004,Wales,nation,2022-08-08,89.0
W92000004,Wales,nation,2022-08-07,88.9
W92000004,Wales,nation,2022-08-06,88.9
W92000004,Wales,nation,2022-08-05,88.9
W92000004,Wales,nation,2022-08-04,88.9
W92000004,Wales,nation,2022-08-03,88.9
W92000004,Wales,nation,2022-08-02,88.9
W92000004,Wales,nation,2022-08-01,88.8
W92000004,Wales,nation,2022-07-31,88.8
W92000004,Wales,nation,2022-07-30,88.8
W92000004,Wales,nation,2022-07-29,88.8
W92000004,Wales,nation,2022-07-28,88.8
W92000004,Wales,nation,2022-07-27,88.7
W92000004,Wales,nation,2022-07-26,88.7
W92000004,Wales,nation,2022-07-25,88.7
W92000004,Wales,nation,2022-07-24,88.7
W92000004,Wales,nation,2022-07-23,88.7
W92000004,Wales,nation,2022-07-22,88.6
W92000004,Wales,nation,2022-07-21,88.6
W92000004,Wales,nation,2022-07-20,88.6
W92000004,Wales,nation,2022-07-19,88.6
W92000004,Wales,nation,2022-07-18,88.6
W92000004,Wales,nation,2022-07-17,88.6
W92000004,Wales,nation,2022-07-16,88.5
W92000004,Wales,nation,2022-07-15,88.5
W92000004,Wales,nation,2022-07-14,88.5
W92000004,Wales,nation,2022-07-13,88.5
W92000004,Wales,nation,2022-07-12,88.5
W92000004,Wales,nation,2022-07-11,88.5
W92000004,Wales,nation,2022-07-10,88.5
W92000004,Wales,nation,2022-07-09,88.4
W92000004,Wales,nation,2022-07-08,88.4
W92000004,Wales,nation,2022-07-07,88.4
W92000004,Wales,nation,2022-07-06,88.4
W92000004,Wales,nation,2022-07-05,88.4
W92000004,Wales,nation,2022-07-04,88.4
W92000004,Wales,nation,2022-07-03,88.4
W92000004,Wales,nation,2022-07-02,88.3
W92000004,Wales,nation,2022-07-01,88.3
W92000004,Wales,nation,2022-06-30,88.3
W92000004,Wales,nation,2022-06-29,88.3
W92000004,Wales,nation,2022-06-28,88.3
W92000004,Wales,nation,2022-06-27,88.2
W92000004,Wales,nation,2022-06-26,88.2
W92000004,Wales,nation,2022-06-25,88.2
W92000004,Wales,nation,2022-06-24,88.2
W92000004,Wales,nation,2022-06-23,88.2
W92000004,Wales,nation,2022-06-22,88.2
W92000004,Wales,nation,2022-06-21,88.1
W92000004,Wales,nation,2022-06-20,88.1
W92000004,Wales,nation,2022-06-19,88.1
W92000004,Wales,nation,2022-06-18,88.1
W92000004,Wales,nation,2022-06-17,88.1
W92000004,Wales,nation,2022-06-16,88.1
W92000004,Wales,nation,2022-06-15,88.1
W92000004,Wales,nation,2022-06-14,88.1
W92000004,Wales,nation,2022-06-13,88.1
W92000004,Wales,nation,2022-06-12,88.1
W92000004,Wales,nation,2022-06-11,88.0
W92000004,Wales,nation,2022-06-10,88.0
W92000004,Wales,nation,2022-06-09,88.0
W92000004,Wales,nation,2022-06-08,88.0
W92000004,Wales,nation,2022-06-07,88.0
W92000004,Wales,nation,2022-06-06,88.0
W92000004,Wales,nation,2022-06-05,88.0
W92000004,Wales,nation,2022-06-04,88.0
W92000004,Wales,nation,2022-06-03,88.0
W92000004,Wales,nation,2022-06-02,88.0
W92000004,Wales,nation,2022-06-01,88.0
W92000004,Wales,nation,2022-05-31,88.0
W92000004,Wales,nation,2022-05-30,88.0
W92000004,Wales,nation,2022-05-29,88.0
W92000004,Wales,nation,2022-05-28,87.9
W92000004,Wales,nation,2022-05-27,87.9
W92000004,Wales,nation,2022-05-26,87.9
W92000004,Wales,nation,2022-05-25,87.9
W92000004,Wales,nation,2022-05-24,87.9
W92000004,Wales,nation,2022-05-23,87.9
W92000004,Wales,nation,2022-05-22,87.9
W92000004,Wales,nation,2022-05-21,87.9
W92000004,Wales,nation,2022-05-20,87.9
W92000004,Wales,nation,2022-05-19,87.9
W92000004,Wales,nation,2022-05-18,87.9
W92000004,Wales,nation,2022-05-17,87.9
W92000004,Wales,nation,2022-05-16,87.9
W92000004,Wales,nation,2022-05-15,87.9
W92000004,Wales,nation,2022-05-14,87.9
W92000004,Wales,nation,2022-05-13,87.8
W92000004,Wales,nation,2022-05-12,87.8
W92000004,Wales,nation,2022-05-11,87.8
W92000004,Wales,nation,2022-05-10,87.8
W92000004,Wales,nation,2022-05-09,87.8
W92000004,Wales,nation,2022-05-08,87.8
W92000004,Wales,nation,2022-05-07,87.8
W92000004,Wales,nation,2022-05-06,87.8
W92000004,Wales,nation,2022-05-05,87.8
W92000004,Wales,nation,2022-05-04,87.8
W92000004,Wales,nation,2022-05-03,87.7
W92000004,Wales,nation,2022-05-02,87.7
W92000004,Wales,nation,2022-05-01,87.7
W92000004,Wales,nation,2022-04-30,87.7
W92000004,Wales,nation,2022-04-29,87.7
W92000004,Wales,nation,2022-04-28,87.7
W92000004,Wales,nation,2022-04-27,87.6
W92000004,Wales,nation,2022-04-26,87.6
W92000004,Wales,nation,2022-04-25,87.6
W92000004,Wales,nation,2022-04-24,87.6
W92000004,Wales,nation,2022-04-23,87.6
W92000004,Wales,nation,2022-04-22,87.6
W92000004,Wales,nation,2022-04-21,87.6
W92000004,Wales,nation,2022-04-20,87.5
W92000004,Wales,nation,2022-04-19,87.5
W92000004,Wales,nation,2022-04-18,87.5
W92000004,Wales,nation,2022-04-17,87.5
W92000004,Wales,nation,2022-04-16,87.5
W92000004,Wales,nation,2022-04-15,87.5
W92000004,Wales,nation,2022-04-14,87.5
W92000004,Wales,nation,2022-04-13,87.5
W92000004,Wales,nation,2022-04-12,87.4
W92000004,Wales,nation,2022-04-11,87.4
W92000004,Wales,nation,2022-04-10,87.4
W92000004,Wales,nation,2022-04-09,87.4
W92000004,Wales,nation,2022-04-08,87.4
W92000004,Wales,nation,2022-04-07,87.4
W92000004,Wales,nation,2022-04-06,87.3
W92000004,Wales,nation,2022-04-05,87.3
W92000004,Wales,nation,2022-04-04,87.3
W92000004,Wales,nation,2022-04-03,87.3
W92000004,Wales,nation,2022-04-02,87.3
W92000004,Wales,nation,2022-04-01,87.3
W92000004,Wales,nation,2022-03-31,87.3
W92000004,Wales,nation,2022-03-30,87.2
W92000004,Wales,nation,2022-03-29,87.2
W92000004,Wales,nation,2022-03-28,87.2
W92000004,Wales,nation,2022-03-27,87.2
W92000004,Wales,nation,2022-03-26,87.2
W92000004,Wales,nation,2022-03-25,87.2
W92000004,Wales,nation,2022-03-24,87.1
W92000004,Wales,nation,2022-03-23,87.1
W92000004,Wales,nation,2022-03-22,87.1
W92000004,Wales,nation,2022-03-21,87.1
W92000004,Wales,nation,2022-03-20,87.1
W92000004,Wales,nation,2022-03-19,87.1
W92000004,Wales,nation,2022-03-18,87.1
W92000004,Wales,nation,2022-03-17,87.0
W92000004,Wales,nation,2022-03-16,87.0
W92000004,Wales,nation,2022-03-15,87.0
W92000004,Wales,nation,2022-03-14,87.0
W92000004,Wales,nation,2022-03-13,87.0
W92000004,Wales,nation,2022-03-12,87.0
W92000004,Wales,nation,2022-03-11,86.9
W92000004,Wales,nation,2022-03-10,86.9
W92000004,Wales,nation,2022-03-09,86.9
W92000004,Wales,nation,2022-03-08,86.9
W92000004,Wales,nation,2022-03-07,86.9
W92000004,Wales,nation,2022-03-06,86.8
W92000004,Wales,nation,2022-03-05,86.8
W92000004,Wales,nation,2022-03-04,86.8
W92000004,Wales,nation,2022-03-03,86.8
W92000004,Wales,nation,2022-03-02,86.8
W92000004,Wales,nation,2022-03-01,86.7
W92000004,Wales,nation,2022-02-28,86.7
W92000004,Wales,nation,2022-02-27,86.7
W92000004,Wales,nation,2022-02-26,86.7
W92000004,Wales,nation,2022-02-25,86.7
W92000004,Wales,nation,2022-02-24,86.6
W92000004,Wales,nation,2022-02-23,86.6
W92000004,Wales,nation,2022-02-22,86.6
W92000004,Wales,nation,2022-02-21,86.6
W92000004,Wales,nation,2022-02-20,86.6
W92000004,Wales,nation,2022-02-19,86.5
W92000004,Wales,nation,2022-02-18,86.5
W92000004,Wales,nation,2022-02-17,86.5
W92000004,Wales,nation,2022-02-16,86.5
W92000004,Wales,nation,2022-02-15,86.4
W92000004,Wales,nation,2022-02-14,86.4
W92000004,Wales,nation,2022-02-13,86.4
W92000004,Wales,nation,2022-02-12,86.4
W92000004,Wales,nation,2022-02-11,86.3
W92000004,Wales,nation,2022-02-10,86.3
W92000004,Wales,nation,2022-02-09,86.3
W92000004,Wales,nation,2022-02-08,86.3
W92000004,Wales,nation,2022-02-07,86.2
W92000004,Wales,nation,2022-02-06,86.2
W92000004,Wales,nation,2022-02-05,86.2
W92000004,Wales,nation,2022-02-04,86.2
W92000004,Wales,nation,2022-02-03,86.1
W92000004,Wales,nation,2022-02-02,86.1
W92000004,Wales,nation,2022-02-01,86.1
W92000004,Wales,nation,2022-01-31,86.1
W92000004,Wales,nation,2022-01-30,86.0
W92000004,Wales,nation,2022-01-29,86.0
W92000004,Wales,nation,2022-01-28,85.9
W92000004,Wales,nation,2022-01-27,85.8
W92000004,Wales,nation,2022-01-26,85.8
W92000004,Wales,nation,2022-01-25,85.8
W92000004,Wales,nation,2022-01-24,85.7
W92000004,Wales,nation,2022-01-23,85.7
W92000004,Wales,nation,2022-01-22,85.6
W92000004,Wales,nation,2022-01-21,85.4
W92000004,Wales,nation,2022-01-20,85.4
W92000004,Wales,nation,2022-01-19,85.3
W92000004,Wales,nation,2022-01-18,85.3
W92000004,Wales,nation,2022-01-17,85.2
W92000004,Wales,nation,2022-01-16,85.2
W92000004,Wales,nation,2022-01-15,85.1
W92000004,Wales,nation,2022-01-14,84.9
W92000004,Wales,nation,2022-01-13,84.8
W92000004,Wales,nation,2022-01-12,84.8
W92000004,Wales,nation,2022-01-11,84.7
W92000004,Wales,nation,2022-01-10,84.6
W92000004,Wales,nation,2022-01-09,84.5
W92000004,Wales,nation,2022-01-08,84.5
W92000004,Wales,nation,2022-01-07,84.2
W92000004,Wales,nation,2022-01-06,84.1
W92000004,Wales,nation,2022-01-05,84.0
W92000004,Wales,nation,2022-01-04,83.9
W92000004,Wales,nation,2022-01-03,83.8
W92000004,Wales,nation,2022-01-02,83.7
W92000004,Wales,nation,2022-01-01,83.7
W92000004,Wales,nation,2021-12-31,83.7
W92000004,Wales,nation,2021-12-30,83.7
W92000004,Wales,nation,2021-12-29,83.6
W92000004,Wales,nation,2021-12-28,83.6
W92000004,Wales,nation,2021-12-27,83.6
W92000004,Wales,nation,2021-12-26,83.5
W92000004,Wales,nation,2021-12-25,83.5
W92000004,Wales,nation,2021-12-24,83.5
W92000004,Wales,nation,2021-12-23,83.5
W92000004,Wales,nation,2021-12-22,83.4
W92000004,Wales,nation,2021-12-21,83.3
W92000004,Wales,nation,2021-12-20,83.3
W92000004,Wales,nation,2021-12-19,83.2
W92000004,Wales,nation,2021-12-18,83.2
W92000004,Wales,nation,2021-12-17,83.1
W92000004,Wales,nation,2021-12-16,83.1
W92000004,Wales,nation,2021-12-15,83.0
W92000004,Wales,nation,2021-12-14,83.0
W92000004,Wales,nation,2021-12-13,82.9
W92000004,Wales,nation,2021-12-12,82.9
W92000004,Wales,nation,2021-12-11,82.8
W92000004,Wales,nation,2021-12-10,82.8
W92000004,Wales,nation,2021-12-09,82.7
W92000004,Wales,nation,2021-12-08,82.7
W92000004,Wales,nation,2021-12-07,82.6
W92000004,Wales,nation,2021-12-06,82.6
W92000004,Wales,nation,2021-12-05,82.6
W92000004,Wales,nation,2021-12-04,82.5
W92000004,Wales,nation,2021-12-03,82.5
W92000004,Wales,nation,2021-12-02,82.4
W92000004,Wales,nation,2021-12-01,82.4
W92000004,Wales,nation,2021-11-30,82.3
W92000004,Wales,nation,2021-11-29,82.3
W92000004,Wales,nation,2021-11-28,82.3
W92000004,Wales,nation,2021-11-27,82.2
W92000004,Wales,nation,2021-11-26,82.2
W92000004,Wales,nation,2021-11-25,82.2
W92000004,Wales,nation,2021-11-24,82.1
W92000004,Wales,nation,2021-11-23,82.1
W92000004,Wales,nation,2021-11-22,82.1
W92000004,Wales,nation,2021-11-21,82.1
W92000004,Wales,nation,2021-11-20,82.0
W92000004,Wales,nation,2021-11-19,82.0
W92000004,Wales,nation,2021-11-18,82.0
W92000004,Wales,nation,2021-11-17,81.9
W92000004,Wales,nation,2021-11-16,81.9
W92000004,Wales,nation,2021-11-15,81.9
W92000004,Wales,nation,2021-11-14,81.9
W92000004,Wales,nation,2021-11-13,81.9
W92000004,Wales,nation,2021-11-12,81.8
W92000004,Wales,nation,2021-11-11,81.8
W92000004,Wales,nation,2021-11-10,81.8
W92000004,Wales,nation,2021-11-09,81.8
W92000004,Wales,nation,2021-11-08,81.7
W92000004,Wales,nation,2021-11-07,81.7
W92000004,Wales,nation,2021-11-06,81.7
W92000004,Wales,nation,2021-11-05,81.7
W92000004,Wales,nation,2021-11-04,81.7
W92000004,Wales,nation,2021-11-03,81.6
W92000004,Wales,nation,2021-11-02,81.6
W92000004,Wales,nation,2021-11-01,81.6
W92000004,Wales,nation,2021-10-31,81.6
W92000004,Wales,nation,2021-10-30,81.5
W92000004,Wales,nation,2021-10-29,81.5
W92000004,Wales,nation,2021-10-28,81.5
W92000004,Wales,nation,2021-10-27,81.5
W92000004,Wales,nation,2021-10-26,81.5
W92000004,Wales,nation,2021-10-25,81.4
W92000004,Wales,nation,2021-10-24,81.4
W92000004,Wales,nation,2021-10-23,81.4
W92000004,Wales,nation,2021-10-22,81.4
W92000004,Wales,nation,2021-10-21,81.4
W92000004,Wales,nation,2021-10-20,81.3
W92000004,Wales,nation,2021-10-19,81.3
W92000004,Wales,nation,2021-10-18,81.3
W92000004,Wales,nation,2021-10-17,81.3
W92000004,Wales,nation,2021-10-16,81.2
W92000004,Wales,nation,2021-10-15,81.2
W92000004,Wales,nation,2021-10-14,81.2
W92000004,Wales,nation,2021-10-13,81.2
W92000004,Wales,nation,2021-10-12,81.1
W92000004,Wales,nation,2021-10-11,81.1
W92000004,Wales,nation,2021-10-10,81.0
W92000004,Wales,nation,2021-10-09,81.0
W92000004,Wales,nation,2021-10-08,81.0
W92000004,Wales,nation,2021-10-07,81.0
W92000004,Wales,nation,2021-10-06,81.0
W92000004,Wales,nation,2021-10-05,80.9
W92000004,Wales,nation,2021-10-04,80.9
W92000004,Wales,nation,2021-10-03,80.9
W92000004,Wales,nation,2021-10-02,80.8
W92000004,Wales,nation,2021-10-01,80.8
W92000004,Wales,nation,2021-09-30,80.8
W92000004,Wales,nation,2021-09-29,80.8
W92000004,Wales,nation,2021-09-28,80.8
W92000004,Wales,nation,2021-09-27,80.7
W92000004,Wales,nation,2021-09-26,80.7
W92000004,Wales,nation,2021-09-25,80.7
W92000004,Wales,nation,2021-09-24,80.7
W92000004,Wales,nation,2021-09-23,80.6
W92000004,Wales,nation,2021-09-22,80.6
W92000004,Wales,nation,2021-09-21,80.6
W92000004,Wales,nation,2021-09-20,80.5
W92000004,Wales,nation,2021-09-19,80.5
W92000004,Wales,nation,2021-09-18,80.5
W92000004,Wales,nation,2021-09-17,80.4
W92000004,Wales,nation,2021-09-16,80.4
W92000004,Wales,nation,2021-09-15,80.3
W92000004,Wales,nation,2021-09-14,80.3
W92000004,Wales,nation,2021-09-13,80.0
W92000004,Wales,nation,2021-09-12,80.0
W92000004,Wales,nation,2021-09-11,80.0
W92000004,Wales,nation,2021-09-10,79.9
W92000004,Wales,nation,2021-09-09,79.8
W92000004,Wales,nation,2021-09-08,79.8
W92000004,Wales,nation,2021-09-07,79.7
W92000004,Wales,nation,2021-09-06,79.7
W92000004,Wales,nation,2021-09-05,79.6
W92000004,Wales,nation,2021-09-04,79.6
W92000004,Wales,nation,2021-09-03,79.6
W92000004,Wales,nation,2021-09-02,79.5
W92000004,Wales,nation,2021-09-01,79.4
W92000004,Wales,nation,2021-08-31,79.3
W92000004,Wales,nation,2021-08-30,79.2
W92000004,Wales,nation,2021-08-29,79.2
W92000004,Wales,nation,2021-08-28,79.2
W92000004,Wales,nation,2021-08-27,79.2
W92000004,Wales,nation,2021-08-26,79.0
W92000004,Wales,nation,2021-08-25,78.9
W92000004,Wales,nation,2021-08-24,78.8
W92000004,Wales,nation,2021-08-23,78.7
W92000004,Wales,nation,2021-08-22,78.7
W92000004,Wales,nation,2021-08-21,78.6
W92000004,Wales,nation,2021-08-20,78.5
W92000004,Wales,nation,2021-08-19,78.4
W92000004,Wales,nation,2021-08-18,78.3
W92000004,Wales,nation,2021-08-17,78.1
W92000004,Wales,nation,2021-08-16,78.0
W92000004,Wales,nation,2021-08-15,77.9
W92000004,Wales,nation,2021-08-14,77.8
W92000004,Wales,nation,2021-08-13,77.7
W92000004,Wales,nation,2021-08-12,77.5
W92000004,Wales,nation,2021-08-11,77.3
W92000004,Wales,nation,2021-08-10,77.2
W92000004,Wales,nation,2021-08-09,77.0
W92000004,Wales,nation,2021-08-08,76.9
W92000004,Wales,nation,2021-08-07,76.7
W92000004,Wales,nation,2021-08-06,76.5
W92000004,Wales,nation,2021-08-05,76.3
W92000004,Wales,nation,2021-08-04,76.0
W92000004,Wales,nation,2021-08-03,75.7
W92000004,Wales,nation,2021-08-02,75.4
W92000004,Wales,nation,2021-08-01,75.1
W92000004,Wales,nation,2021-07-31,75.0
W92000004,Wales,nation,2021-07-30,74.7
W92000004,Wales,nation,2021-07-29,74.4
W92000004,Wales,nation,2021-07-28,74.0
W92000004,Wales,nation,2021-07-27,73.5
W92000004,Wales,nation,2021-07-26,73.2
W92000004,Wales,nation,2021-07-25,72.8
W92000004,Wales,nation,2021-07-24,72.5
W92000004,Wales,nation,2021-07-23,72.1
W92000004,Wales,nation,2021-07-22,71.7
W92000004,Wales,nation,2021-07-21,71.2
W92000004,Wales,nation,2021-07-20,70.7
W92000004,Wales,nation,2021-07-19,70.3
W92000004,Wales,nation,2021-07-18,70.0
W92000004,Wales,nation,2021-07-17,69.7
W92000004,Wales,nation,2021-07-16,69.2
W92000004,Wales,nation,2021-07-15,68.8
W92000004,Wales,nation,2021-07-14,68.2
W92000004,Wales,nation,2021-07-13,67.7
W92000004,Wales,nation,2021-07-12,67.1
W92000004,Wales,nation,2021-07-11,66.6
W92000004,Wales,nation,2021-07-10,66.3
W92000004,Wales,nation,2021-07-09,65.8
W92000004,Wales,nation,2021-07-08,65.4
W92000004,Wales,nation,2021-07-07,64.8
W92000004,Wales,nation,2021-07-06,64.1
W92000004,Wales,nation,2021-07-05,63.5
W92000004,Wales,nation,2021-07-04,62.9
W92000004,Wales,nation,2021-07-03,62.6
W92000004,Wales,nation,2021-07-02,62.2
W92000004,Wales,nation,2021-07-01,61.6
W92000004,Wales,nation,2021-06-30,61.0
W92000004,Wales,nation,2021-06-29,60.3
W92000004,Wales,nation,2021-06-28,59.7
W92000004,Wales,nation,2021-06-27,59.1
W92000004,Wales,nation,2021-06-26,58.8
W92000004,Wales,nation,2021-06-25,58.4
W92000004,Wales,nation,2021-06-24,57.8
W92000004,Wales,nation,2021-06-23,57.1
W92000004,Wales,nation,2021-06-22,56.4
W92000004,Wales,nation,2021-06-21,55.8
W92000004,Wales,nation,2021-06-20,55.2
W92000004,Wales,nation,2021-06-19,54.8
W92000004,Wales,nation,2021-06-18,54.2
W92000004,Wales,nation,2021-06-17,53.6
W92000004,Wales,nation,2021-06-16,52.8
W92000004,Wales,nation,2021-06-15,52.0
W92000004,Wales,nation,2021-06-14,51.3
W92000004,Wales,nation,2021-06-13,50.3
W92000004,Wales,nation,2021-06-12,50.1
W92000004,Wales,nation,2021-06-11,49.4
W92000004,Wales,nation,2021-06-10,48.6
W92000004,Wales,nation,2021-06-09,47.8
W92000004,Wales,nation,2021-06-08,46.9
W92000004,Wales,nation,2021-06-07,46.2
W92000004,Wales,nation,2021-06-06,45.4
W92000004,Wales,nation,2021-06-05,45.0
W92000004,Wales,nation,2021-06-04,43.9
W92000004,Wales,nation,2021-06-03,42.9
W92000004,Wales,nation,2021-06-02,42.1
W92000004,Wales,nation,2021-06-01,41.4
W92000004,Wales,nation,2021-05-31,40.6
W92000004,Wales,nation,2021-05-30,40.5
W92000004,Wales,nation,2021-05-29,40.4
W92000004,Wales,nation,2021-05-28,40.1
W92000004,Wales,nation,2021-05-27,39.3
W92000004,Wales,nation,2021-05-26,38.5
W92000004,Wales,nation,2021-05-25,37.7
W92000004,Wales,nation,2021-05-24,37.0
W92000004,Wales,nation,2021-05-23,36.5
W92000004,Wales,nation,2021-05-22,36.4
W92000004,Wales,nation,2021-05-21,35.8
W92000004,Wales,nation,2021-05-20,35.2
W92000004,Wales,nation,2021-05-19,34.6
W92000004,Wales,nation,2021-05-18,34.1
W92000004,Wales,nation,2021-05-17,33.7
W92000004,Wales,nation,2021-05-16,33.3
W92000004,Wales,nation,2021-05-15,33.3
W92000004,Wales,nation,2021-05-14,32.9
W92000004,Wales,nation,2021-05-13,32.4
W92000004,Wales,nation,2021-05-12,31.9
W92000004,Wales,nation,2021-05-11,31.4
W92000004,Wales,nation,2021-05-10,31.1
W92000004,Wales,nation,2021-05-09,30.8
W92000004,Wales,nation,2021-05-08,30.6
W92000004,Wales,nation,2021-05-07,30.2
W92000004,Wales,nation,2021-05-06,29.6
W92000004,Wales,nation,2021-05-05,29.0
W92000004,Wales,nation,2021-05-04,28.5
W92000004,Wales,nation,2021-05-03,28.1
W92000004,Wales,nation,2021-05-02,28.0
W92000004,Wales,nation,2021-05-01,28.0
W92000004,Wales,nation,2021-04-30,27.8
W92000004,Wales,nation,2021-04-29,27.2
W92000004,Wales,nation,2021-04-28,26.6
W92000004,Wales,nation,2021-04-27,26.0
W92000004,Wales,nation,2021-04-26,25.5
W92000004,Wales,nation,2021-04-25,25.1
W92000004,Wales,nation,2021-04-24,25.0
W92000004,Wales,nation,2021-04-23,24.4
W92000004,Wales,nation,2021-04-22,23.8
W92000004,Wales,nation,2021-04-21,23.1
W92000004,Wales,nation,2021-04-20,22.6
W92000004,Wales,nation,2021-04-19,22.2
W92000004,Wales,nation,2021-04-18,21.9
W92000004,Wales,nation,2021-04-17,21.9
W92000004,Wales,nation,2021-04-16,21.4
W92000004,Wales,nation,2021-04-15,20.9
W92000004,Wales,nation,2021-04-14,20.3
W92000004,Wales,nation,2021-04-13,20.0
W92000004,Wales,nation,2021-04-12,19.5
W92000004,Wales,nation,2021-04-11,19.2
W92000004,Wales,nation,2021-04-10,19.1
W92000004,Wales,nation,2021-04-09,18.5
W92000004,Wales,nation,2021-04-08,18.1
W92000004,Wales,nation,2021-04-07,17.6
W92000004,Wales,nation,2021-04-06,17.3
W92000004,Wales,nation,2021-04-05,17.1
W92000004,Wales,nation,2021-04-04,17.0
W92000004,Wales,nation,2021-04-03,16.9
W92000004,Wales,nation,2021-04-02,16.8
W92000004,Wales,nation,2021-04-01,16.7
W92000004,Wales,nation,2021-03-31,16.3
W92000004,Wales,nation,2021-03-30,15.9
W92000004,Wales,nation,2021-03-29,15.4
W92000004,Wales,nation,2021-03-28,15.1
W92000004,Wales,nation,2021-03-27,15.0
W92000004,Wales,nation,2021-03-26,14.6
W92000004,Wales,nation,2021-03-25,14.2
W92000004,Wales,nation,2021-03-24,13.8
W92000004,Wales,nation,2021-03-23,13.3
W92000004,Wales,nation,2021-03-22,12.8
W92000004,Wales,nation,2021-03-21,12.6
W92000004,Wales,nation,2021-03-20,12.3
W92000004,Wales,nation,2021-03-19,12.0
W92000004,Wales,nation,2021-03-18,11.6
W92000004,Wales,nation,2021-03-17,11.1
W92000004,Wales,nation,2021-03-16,10.5
W92000004,Wales,nation,2021-03-15,9.9
W92000004,Wales,nation,2021-03-14,9.6
W92000004,Wales,nation,2021-03-13,9.4
W92000004,Wales,nation,2021-03-12,9.1
W92000004,Wales,nation,2021-03-11,8.6
W92000004,Wales,nation,2021-03-10,8.1
W92000004,Wales,nation,2021-03-09,7.5
W92000004,Wales,nation,2021-03-08,7.0
W92000004,Wales,nation,2021-03-07,6.7
W92000004,Wales,nation,2021-03-06,6.4
W92000004,Wales,nation,2021-03-05,6.1
W92000004,Wales,nation,2021-03-04,5.6
W92000004,Wales,nation,2021-03-03,5.1
W92000004,Wales,nation,2021-03-02,4.5
W92000004,Wales,nation,2021-03-01,4.1
W92000004,Wales,nation,2021-02-28,3.8
W92000004,Wales,nation,2021-02-27,3.5
W92000004,Wales,nation,2021-02-26,3.2
W92000004,Wales,nation,2021-02-25,2.9
W92000004,Wales,nation,2021-02-24,2.5
W92000004,Wales,nation,2021-02-23,2.2
W92000004,Wales,nation,2021-02-22,1.8
W92000004,Wales,nation,2021-02-21,1.6
W92000004,Wales,nation,2021-02-20,1.4
W92000004,Wales,nation,2021-02-19,1.2
W92000004,Wales,nation,2021-02-18,0.9
W92000004,Wales,nation,2021-02-17,0.7
W92000004,Wales,nation,2021-02-16,0.5
W92000004,Wales,nation,2021-02-15,0.3
W92000004,Wales,nation,2021-02-14,0.2
W92000004,Wales,nation,2021-02-13,0.2
W92000004,Wales,nation,2021-02-12,0.2
W92000004,Wales,nation,2021-02-11,0.1
W92000004,Wales,nation,2021-02-10,0.1
W92000004,Wales,nation,2021-02-09,0.1
W92000004,Wales,nation,2021-02-08,0.1
W92000004,Wales,nation,2021-02-07,0.1
W92000004,Wales,nation,2021-02-06,0.1
W92000004,Wales,nation,2021-02-05,0.1
W92000004,Wales,nation,2021-02-04,0.1
