"","mean","se_mean","sd","2.5%","25%","50%","75%","97.5%","n_eff","Rhat"
"sqrtQ",0.233202352260247,0.000105820643552041,0.0175378113604433,0.201866043489807,0.220714815035973,0.232247481299623,0.244370832854003,0.270619263699376,27466.9218655477,0.999915277633998
"susc_scaling",0.828702789081792,0.00113418401157247,0.113466423709021,0.582498027970144,0.750471196666422,0.844149206439128,0.921691273554134,0.991948813649883,10008.4700044988,1.00087634540278
"betas[1]",0.020751487601071,0.00185350917854249,0.0774008550921581,-0.130870634922453,-0.0313702292463735,0.0211802427139036,0.072736824636333,0.171294510741901,1743.82152956917,1.00169725645169
"betas[2]",-0.161452677175153,0.00222043898378168,0.0998655583176431,-0.356979266612031,-0.229105403668372,-0.16281821537667,-0.0935009437101013,0.0339183304120916,2022.80389690441,1.00826858651747
"betas[3]",0.0486238863099272,0.00256463901340103,0.109477117621374,-0.164061280503216,-0.0245061797769591,0.0488089987717727,0.122895678875293,0.262877757044015,1822.19235436513,1.00709390733981
"betas[4]",0.114174579111106,0.00275540251429399,0.0920674868794392,-0.0623591970639818,0.0519715339113034,0.112217319816251,0.175571798705266,0.296041782835868,1116.4582222514,1.01092889175359
"betas[5]",-0.0897412425180522,0.00305706010596359,0.097731118191111,-0.282051860562366,-0.155717233916964,-0.0897061369010859,-0.0236862361886635,0.102168135011888,1022.01620102842,1.01493468866942
"betas[6]",0.00371394004983522,0.00280375366769543,0.115249483478016,-0.222046513091926,-0.0736936274666588,0.00247929394284917,0.0810444576432116,0.230820965908806,1689.65588737572,1.00811638650276
"betas[7]",-0.00203839728611316,4.73540761638904e-05,0.00765117594756898,-0.0169821847284098,-0.00726366666613907,-0.00204565114192698,0.00312778693322197,0.0130345530822305,26106.0786269863,0.999487437527922
"betas[8]",0.029698531002474,5.12726116505854e-05,0.00676138745200377,0.0165537904414499,0.0250945410462987,0.0297673645570597,0.0341924192835024,0.0430128786945236,17390.0474757033,0.999998779452052
"betas[9]",-0.276602696920758,9.40477049923806e-05,0.0115130631933751,-0.299437101400388,-0.284346499714126,-0.276551415601061,-0.268905931864846,-0.254025612732431,14985.987729868,1.00002653158827
"betas[10]",0.00142639182346777,2.0389001708415e-05,0.00353543719451876,-0.00555726021180503,-0.000939258509829605,0.00142504461363411,0.00382390536752436,0.00838784747767903,30067.2929273584,0.999519731959006
"betas[11]",0.219042436876971,0.000119121114663506,0.0162269337913164,0.186924119994058,0.208127452296853,0.218989008405533,0.230096724314083,0.25056737434221,18556.4728731678,0.999849171458675
"betas[12]",0.369816180234284,0.000196957715016973,0.0248229702774722,0.321408493406851,0.352861610876107,0.369510882560595,0.386888420285541,0.418049884383055,15884.0593141689,1.0000704697421
"betas[13]",0.478975751433196,0.000349150826202234,0.0437078346310694,0.394097728114192,0.449654517003493,0.478876702802931,0.508261715790681,0.565022047449015,15670.8456982829,1.00006886488293
"betas[14]",-0.0355118690985017,0.00206208743506802,0.0685241633611087,-0.169454638146559,-0.0802152291125329,-0.0359343473268381,0.00904670167529828,0.10176553970885,1104.26506182961,1.00670670085511
"betas[15]",-0.0883756606374634,0.00290386785251648,0.0959594534769861,-0.276919118172061,-0.151179569143376,-0.0884660855726828,-0.0258101270068081,0.1045094087545,1091.99797736972,1.00678578177321
"betas[16]",-0.0900748555651288,7.96173380169152e-05,0.0102163264696024,-0.109780951983333,-0.0969764822024377,-0.090119138698516,-0.0831505843193492,-0.0698154466766167,16465.4733122301,0.999955287636462
"beta_random_walk_steps[1]",0.108690423374042,0.00178160130309384,0.149236489184619,-0.128460797536863,-0.0014801625914699,0.0878684056398395,0.200815743698691,0.447713803029458,7016.63691394728,1.00117108636778
"beta_random_walk_steps[2]",-0.257600422515258,0.00015112074385569,0.0238635970280645,-0.304141022696873,-0.27367022829218,-0.257511760435517,-0.241594068174563,-0.210417474501102,24935.8196473774,0.99962747689408
"beta_random_walk_steps[3]",0.112293751719001,0.000172853075073207,0.0257663594385135,0.0615988878916218,0.0949368690356581,0.112537854107836,0.12959545753659,0.162647117456697,22220.4014809115,0.999558376542048
"beta_random_walk_steps[4]",-0.0987796491477372,0.000180469640528964,0.0272280916217453,-0.152782961229635,-0.117183961468769,-0.0985270145491152,-0.0805768324226602,-0.0459902332519666,22762.8218829613,0.999840022370819
"beta_random_walk_steps[5]",0.0337367328761539,0.000191056749282035,0.028795474434005,-0.0229737121705388,0.0143500733813588,0.0338611141230122,0.0531424951653743,0.0903398320773698,22715.5736243957,0.999831307733231
"beta_random_walk_steps[6]",-0.198229485092769,0.000214190660500885,0.0311703293626735,-0.259937016988759,-0.2190309384383,-0.19838033732491,-0.177150840567764,-0.137142876221829,21177.8429052874,1.00012095692889
"beta_random_walk_steps[7]",0.0326270461965293,0.000234672348530415,0.0341141550511898,-0.0344616620286547,0.00972408319241428,0.0327253418956455,0.0559393134437993,0.0986901217437144,21132.2334022721,0.999777851189314
"beta_random_walk_steps[8]",0.251412489998679,0.000232876464315159,0.0337897727455628,0.185297139744298,0.22843565986572,0.251426065418715,0.274253969310559,0.317358571963131,21053.2595394808,0.999706654186007
"beta_random_walk_steps[9]",-0.140112978985924,0.00022558881905821,0.033138713783827,-0.204525019296016,-0.162339357180529,-0.140368286382687,-0.118031224010478,-0.0738567224409746,21579.2404726955,0.999496146324344
"beta_random_walk_steps[10]",0.065543984719551,0.000227720084527905,0.0327590520949657,0.00183644402189202,0.0429875599174773,0.065742777048645,0.0876571549801499,0.129331226012117,20694.7402939395,0.999558752221563
"beta_random_walk_steps[11]",-0.116626799266948,0.00022742995299173,0.0315074416616923,-0.178623515915045,-0.137690540378341,-0.116650135777171,-0.0952484030356083,-0.0555546216367832,19192.4738885079,0.999626646212589
"beta_random_walk_steps[12]",-0.00034078956220793,0.000222778650225013,0.0304244306772551,-0.0588547431138997,-0.0210671229033773,-0.00032578544999882,0.0205079695217528,0.058829574592339,18650.8136871279,1.00024789048663
"beta_random_walk_steps[13]",0.0392067304665876,0.00020405668891161,0.0293018151395698,-0.0177517707383892,0.0195371330595944,0.03919808390846,0.0589761400978581,0.0970239790079445,20619.9390636341,0.99993854367616
"beta_random_walk_steps[14]",-0.157334397141458,0.000201832927651428,0.0285230628107602,-0.213986227382172,-0.176513390462785,-0.157522499779634,-0.13821865811441,-0.101847874800815,19971.389277369,0.999722853396367
"beta_random_walk_steps[15]",0.13766262254591,0.000200136814272414,0.0281145721820022,0.0822813948922459,0.118818561065339,0.137589511024176,0.156650407553819,0.192913096667329,19733.721442547,0.999739754135334
"beta_random_walk_steps[16]",0.421193765714455,0.000180186453041157,0.0254711222142033,0.370797653421145,0.403947693334996,0.421545392621573,0.438349515351051,0.470872035851229,19982.5950167052,0.999851017258598
"beta_random_walk_steps[17]",-0.434210164998927,0.000162393415083161,0.023230631748424,-0.479838649570109,-0.449935114427931,-0.434127422274896,-0.418200653917317,-0.389288958927747,20463.7495003348,0.999745292247309
"beta_random_walk_steps[18]",-0.233294370613896,0.000150137708546491,0.0224257440267751,-0.277774972189684,-0.248178404850107,-0.233413211839814,-0.218145231519552,-0.190248569669786,22310.7492358586,0.999534073979714
"beta_random_walk_steps[19]",0.380482859359269,0.000151300622610078,0.0220217122800223,0.33759589969269,0.365542170382275,0.380590239819326,0.395191821517923,0.424221798554709,21184.6229140173,0.999696976719287
"beta_random_walk_steps[20]",0.126412778016566,0.000141405540079291,0.0207570499106222,0.0860033349106811,0.112445956016384,0.126340681160947,0.140621909409405,0.166483033868822,21547.5754179044,0.99992070565526
"beta_random_walk_steps[21]",-0.142402730243133,0.00013201482825819,0.0192576943447749,-0.180212199290171,-0.155359378215248,-0.142520246757912,-0.12941484301506,-0.104476972958105,21279.584736871,0.999785002390935
"beta_random_walk_steps[22]",-0.233419236149908,0.000127293959201239,0.0188149559657993,-0.270428453938426,-0.24615230181778,-0.233277878332034,-0.220732865708786,-0.196617716732239,21846.9504421998,0.999967642123175
"beta_random_walk_steps[23]",0.18544873194443,0.00012792420700723,0.0184922002286148,0.14913695190134,0.172981177916167,0.185363349653968,0.197858993224371,0.222086570208538,20896.411282393,0.999943891169472
"beta_random_walk_steps[24]",-0.206956191673325,0.000124081458111272,0.018375752915766,-0.243328484821296,-0.219431527566397,-0.206833888897736,-0.194590732630445,-0.170907094438797,21931.9127023795,0.999779919317039
"beta_random_walk_steps[25]",0.124095757807034,0.000125637835024723,0.0180371426532865,0.0888313808201863,0.112013436587628,0.124076609201088,0.13628021418274,0.15960821598911,20610.7877983646,1.00016744292082
"beta_random_walk_steps[26]",0.111326034836244,0.000125622103384842,0.0184811742610127,0.0752476763268068,0.0988646524852775,0.111215305571842,0.12377990519797,0.147456349985004,21643.475578459,1.00007098832533
"beta_random_walk_steps[27]",-0.318843182895046,0.00012592667354141,0.0185624077167311,-0.355138773011311,-0.331423944707096,-0.318826141585342,-0.306455809711628,-0.282170493230405,21728.6704206326,0.999815522142841
"beta_random_walk_steps[28]",-0.00481845347591598,0.000128961477266546,0.0183053313111682,-0.0406579841196804,-0.0171495610159956,-0.00480495844863538,0.00770773331470515,0.030709273417378,20148.1506078546,0.999979251905769
"beta_random_walk_steps[29]",0.228544444245283,0.000131940294143115,0.0183847418470706,0.193212335880745,0.216115597826032,0.228464305428721,0.240918643210519,0.264635327606641,19416.0184558359,1.00026813535321
"beta_random_walk_steps[30]",0.201176772365307,0.000134768627015025,0.0185445759960104,0.164606576674892,0.18875069637757,0.20118446641191,0.2137860924094,0.237175355310016,18934.6031970091,1.00011560881461
"beta_random_walk_steps[31]",0.08104081210779,0.000126001092669262,0.0180767471741224,0.0451354230132307,0.0690220809501252,0.080965204891018,0.0934085863939418,0.116349778097771,20582.2071685061,0.999923091271001
"beta_random_walk_steps[32]",-0.115009920354224,0.000121606560254762,0.0185036204858644,-0.151005198698007,-0.127627997193038,-0.115095238846301,-0.10252305088648,-0.0784906995750911,23152.5812096361,0.999628041634503
"beta_random_walk_steps[33]",0.525163894671127,0.000142314465117551,0.0202329092279076,0.485592828320174,0.511333447966205,0.525042516365223,0.538888212972198,0.565026114111222,20212.432219169,0.999437341850746
"beta_random_walk_steps[34]",-0.385985602533185,0.000118009645069606,0.0179481174568085,-0.421237644544345,-0.398187835241067,-0.385975693141924,-0.373810788270514,-0.351092710634797,23131.4468148294,0.999516699074133
"beta_random_walk_steps[35]",-0.30242204366782,0.000121763136334806,0.0177084587797651,-0.337421232077862,-0.314312790382447,-0.302442171288196,-0.290522870885835,-0.267870564228007,21150.949961485,0.999811797904546
"beta_random_walk_steps[36]",-0.0487726838214248,0.000117206037595997,0.0175458863218434,-0.0830756868000883,-0.0606445633063797,-0.04877940449276,-0.0369548540908069,-0.0145836191288393,22410.4539982607,0.99989015070752
"beta_random_walk_steps[37]",-0.116522458064235,0.000121875059391827,0.0176955803025826,-0.151388556242867,-0.128519354310811,-0.116530202321399,-0.104518345192326,-0.0816593440830878,21081.4237490939,0.999765661199935
"beta_random_walk_steps[38]",0.0277300420523814,0.000127675357090147,0.0180528605786998,-0.00720867702718123,0.0154258007397108,0.0276718090436115,0.0398622995919964,0.0635073786175876,19992.9966805525,0.999889458402424
"beta_random_walk_steps[39]",-0.07135408937305,0.000128317170630087,0.0185096484077384,-0.107503620078432,-0.0841085844146762,-0.0713985855914125,-0.058917853870052,-0.0344000161115284,20807.8298976759,0.999674070587984
"beta_random_walk_steps[40]",0.173504006675695,0.000125549553505876,0.0184054291195566,0.13714720395011,0.161280901081865,0.173674142523438,0.1856679434212,0.209582239440624,21491.2437400987,0.999819310454775
"beta_random_walk_steps[41]",-0.184489373706226,0.000128169449769996,0.0188573636750633,-0.221963590875895,-0.196950592727356,-0.184508275843098,-0.171713597615946,-0.148444610403165,21646.7605800373,1.000018575957
"beta_random_walk_steps[42]",-0.102725160541714,0.000129701889251834,0.0196576255368039,-0.141715163005133,-0.11577169626618,-0.102669551079905,-0.0895573272600977,-0.0643580156305534,22970.4504309714,0.999792230689854
"beta_random_walk_steps[43]",0.251699741535968,0.000135075695668445,0.020035942690468,0.212804834940693,0.238281840897775,0.251528007516091,0.265119428267294,0.29096953798896,22002.1507380005,0.999710887523373
"beta_random_walk_steps[44]",-0.0600152739804521,0.000132837659168374,0.0201331754497928,-0.0996397272878889,-0.0737363351648224,-0.0597817388483605,-0.0463803388449636,-0.0214253871104535,22971.1177734894,0.999664267337062
"beta_random_walk_steps[45]",0.0199190386303424,0.000140723746760982,0.0203696096045338,-0.0202334756437948,0.00622204032297584,0.019998835579789,0.0338496527306429,0.0594097607423463,20952.2482828902,0.99976216016827
"beta_random_walk_steps[46]",-0.383206980441144,0.000140203511940877,0.0205279264274302,-0.423260396542334,-0.396982494725076,-0.383392482490995,-0.369194820377878,-0.342588499988765,21437.4132679312,0.999845581666218
"beta_random_walk_steps[47]",0.057200550456928,0.000159154449371469,0.0220445360845668,0.0140435940014255,0.0421956118095804,0.0570634474242897,0.0719853964645208,0.100811359912283,19185.1128763722,0.999783246787083
"beta_random_walk_steps[48]",0.0550328901714532,0.000147724630802226,0.0226186441601766,0.0108375442161809,0.0399230535402081,0.0548503017492544,0.0702801896950628,0.0997643801843374,23443.7623353968,0.999453132297013
"beta_random_walk_steps[49]",0.070481831113196,0.000250756056558526,0.032847587959494,0.00583267612408422,0.0484962296232004,0.0704151496067913,0.092600542678079,0.134887132569231,17159.4793214101,0.999839446045985
"beta_random_walk_steps[50]",-0.240199760702133,0.00015320879931339,0.0233053196783751,-0.285295090008278,-0.256059001978163,-0.240276891940229,-0.224520491071628,-0.193932582416935,23138.9000925625,0.999801045156424
"beta_random_walk_steps[51]",0.0614636477727687,0.000160075002785518,0.0231798777642824,0.0156135447278104,0.0460695835959137,0.0615708597543959,0.0768699766431881,0.10636549982251,20968.8806008983,0.999905705685133
"beta_random_walk_steps[52]",0.00508984079040142,0.000162613213863001,0.0232104790331551,-0.0405800388784879,-0.0106490323640609,0.00515232346404418,0.0208800479155891,0.0496632598321038,20373.0729911827,0.99976802059881
"beta_random_walk_steps[53]",-0.0492530860212646,0.000160741882531858,0.0234537707243354,-0.0953885346333023,-0.0652183237178038,-0.0491242663499253,-0.0332588857043374,-0.00347475816934256,21289.5876639316,0.999509669296774
"beta_random_walk_steps[54]",0.264961811441359,0.000158434156057096,0.0232036589222827,0.219879861034788,0.249225397491919,0.264823307351811,0.280676955395189,0.309423620226459,21449.4083056071,0.999681995346174
"beta_random_walk_steps[55]",0.0504188784604269,0.000154634660805851,0.022294812890526,0.00644101625888893,0.0351768723634506,0.0504889394850674,0.0655630586968153,0.0938624882213644,20787.1031760399,0.999656791190781
"beta_random_walk_steps[56]",-0.000888401602495198,0.000144530850535187,0.0207655754347422,-0.0416081352184082,-0.0148387067248953,-0.000978261302883612,0.0133494276613065,0.0394442252788953,20642.7153444665,0.999812549257505
"beta_random_walk_steps[57]",-0.139766276244796,0.000139546429515649,0.0197831171370214,-0.177948318430596,-0.153251855958872,-0.139882782308704,-0.126511336038146,-0.100160237139108,20097.9604409624,1.0000331471577
"beta_random_walk_steps[58]",0.146766699291151,0.000132461784325962,0.0191304550348662,0.109420385276758,0.133771150914663,0.14671073025125,0.159671986180815,0.184320123601629,20857.8432160562,0.999814255316594
"beta_random_walk_steps[59]",0.0570338817321743,0.000124939688284268,0.0181311785183316,0.0217034819579905,0.0448454687976392,0.0570478577278251,0.069154202443783,0.0929688508282423,21059.6540048314,0.999748173270017
"beta_random_walk_steps[60]",-0.206127465030414,0.000122042035357723,0.0176648018860804,-0.240880411905739,-0.218140074883692,-0.20606117833846,-0.194189082632892,-0.170961337497193,20950.7057964574,1.00007392896176
"beta_random_walk_steps[61]",0.16243798874264,0.000123256983253162,0.017870580371191,0.127056244635007,0.150433089185506,0.162278310872677,0.174518546665038,0.197186040516288,21021.0422916521,0.999798581235227
"beta_random_walk_steps[62]",-0.813926577589279,0.000123204337376008,0.0177815053400011,-0.848203652334537,-0.826087667666614,-0.814027864007902,-0.802034680121351,-0.778798609701035,20829.7978122822,0.999616741443152
"beta_random_walk_steps[63]",0.0740136061705923,0.000123250831819899,0.0176656833744748,0.0397882690549078,0.0620784429434705,0.0740940283251161,0.0860944005503654,0.10891068592049,20543.8183539551,0.99992616775343
"beta_random_walk_steps[64]",0.352857046126001,0.000116925421345507,0.017638510681695,0.318403241433868,0.340896716109563,0.3528880507201,0.364695143197165,0.38724484573383,22756.5246422967,0.999957345885767
"beta_random_walk_steps[65]",-0.0165498567010653,0.000118825877323598,0.0178806980295959,-0.0519965548446698,-0.0284437062305038,-0.0166092118802989,-0.00454575335772817,0.0184672768641953,22643.6732166459,0.999547492389604
"beta_random_walk_steps[66]",0.0329541371368925,0.000120197789454394,0.0175751340883968,-0.000930484229781386,0.0209400486472232,0.032966502646981,0.0447142322125619,0.0678094950826849,21379.8341981849,0.99984485114713
"beta_random_walk_steps[67]",-0.163652847163464,0.000121407246261228,0.0175825056990911,-0.197549177885314,-0.17570941500823,-0.16364886629051,-0.151573104927026,-0.129181024381419,20973.5679038998,0.999833784018797
"beta_random_walk_steps[68]",0.144323964245548,0.000119566575461515,0.0176411852480177,0.109832762550551,0.132455832712071,0.144191045530958,0.156212484019972,0.178899145691921,21768.872693582,0.999619368339905
"beta_random_walk_steps[69]",-0.202953835546787,0.000117219152139443,0.0174606361585002,-0.237645878729532,-0.214563331426494,-0.202918377871945,-0.191044558740267,-0.169129316487812,22188.2460833997,0.999913612636487
"beta_random_walk_steps[70]",-0.0478044883113731,0.000119151843283293,0.0176654860396019,-0.08227566081144,-0.0597125531083556,-0.0477086731373285,-0.0359165979968882,-0.013203121713453,21981.1116009704,0.999767132084477
"beta_random_walk_steps[71]",0.316720023958969,0.000118230744943386,0.0175092916818122,0.282560667360363,0.304641313485974,0.316702047500046,0.32874040704362,0.351074182353559,21931.9023298607,0.999756129985778
"beta_random_walk_steps[72]",-0.21771217293977,0.000121850218985428,0.0174373503267417,-0.251866052357438,-0.229478719591704,-0.217849582060013,-0.205956616936756,-0.183717137417159,20478.9816899106,0.999985766412583
"beta_random_walk_steps[73]",0.146943028744568,0.000122713045567323,0.0175146610009357,0.112595296603628,0.135082428707803,0.146882379172774,0.158644626605756,0.181281018942236,20371.4528052213,1.00024949224276
"beta_random_walk_steps[74]",0.115271339945861,0.000118922886808109,0.0176136213745995,0.0802090309710424,0.103583859121571,0.115297800770767,0.127210581879179,0.149667122892145,21936.4540570392,1.00006731537664
"beta_random_walk_steps[75]",-0.164768749619045,0.000116315001547743,0.0175123691280156,-0.198852477120804,-0.176526916861776,-0.164796986123347,-0.152799209249492,-0.130691661493329,22668.2682824853,0.999877663017437
"beta_random_walk_steps[76]",-0.165032867665362,0.000118571575204665,0.0175916815747998,-0.199486291571739,-0.176807057389116,-0.164992148814298,-0.153137084777799,-0.130524294974738,22011.6972935896,0.999518856793401
"beta_random_walk_steps[77]",-0.0137155471560192,0.000119088449314081,0.017445179081446,-0.0477910130125532,-0.0255915005198528,-0.0139178622027525,-0.00185962935438301,0.0202361118762453,21459.1039519162,0.999502203377518
"beta_random_walk_steps[78]",0.273455229378976,0.000118722563587438,0.0174526079680049,0.238828363258192,0.261755275567871,0.273600341296057,0.285424836487945,0.307406432158624,21609.9685670239,0.999550431083476
"beta_random_walk_steps[79]",-0.0138260153646815,0.000119445080325912,0.0174879829004203,-0.0479664112504824,-0.0258097776389871,-0.0137844012264582,-0.001907885840022,0.0206169998812716,21435.9584334486,1.00000720445322
"beta_random_walk_steps[80]",-0.082488341990726,0.000120825095774565,0.0174592101339652,-0.116689566285888,-0.0945359678437435,-0.0824415342718708,-0.0707010128811065,-0.0480830864343668,20880.211238387,0.99986238158138
"beta_random_walk_steps[81]",0.131071979169333,0.000116649477751184,0.0174919876154301,0.0972536848496219,0.119330352219678,0.130977705147507,0.142795408220271,0.165701608036784,22486.0268467225,0.999658061890772
"beta_random_walk_steps[82]",-0.0544709559104434,0.000115487495079364,0.0173662805722942,-0.0880464206228065,-0.0661785502920475,-0.054448643660128,-0.0426902722396217,-0.0206168919705682,22612.2460930555,1.00004739369604
"beta_random_walk_steps[83]",0.425466567708803,0.000112179528431533,0.0178226816612548,0.390134197295009,0.413688768463183,0.425658591643512,0.43727626871719,0.460281402127244,25241.7162280189,0.999815773397243
"beta_random_walk_steps[84]",-0.0161845564404207,0.000152035862844108,0.0220677289884003,-0.0596605331487886,-0.0309719938097791,-0.0162338641053168,-0.00123285396327655,0.0270851459551885,21067.9945427206,0.999859086661569
"beta_random_walk_steps[85]",0.220013004462105,0.00015625942194007,0.0224474369630433,0.175732346887568,0.204676989734573,0.220226887744671,0.235035268620551,0.264020131703381,20636.7400944716,0.999962107549928
"beta_random_walk_steps[86]",-0.302838845315765,0.000116017030857642,0.0179846248434956,-0.338553707106373,-0.314941955102405,-0.302773538036199,-0.290769273410372,-0.267519526748937,24030.3044172385,0.999448831937028
"beta_random_walk_steps[87]",-0.634819149393874,0.000124412838131154,0.0183694154033179,-0.670960732508147,-0.647256051531195,-0.634740619271803,-0.622369278216606,-0.599247963303251,21800.1898560611,0.999804766421041
"beta_random_walk_steps[88]",0.497140616478687,0.00012189615341086,0.0182175710584631,0.46098331816513,0.484861485833543,0.497126019439207,0.509524345337102,0.532996416829484,22335.7706824337,0.99975564160421
"beta_random_walk_steps[89]",-0.171754172847582,0.000122423393610237,0.017847029420127,-0.206511787716402,-0.18373110936601,-0.171851742306183,-0.159802003347472,-0.136644297084602,21252.1587296439,0.999896834351401
"beta_random_walk_steps[90]",-0.24075169294024,0.00011618615908113,0.0174447351882424,-0.27461938929374,-0.252691780575412,-0.240914017085636,-0.229074976068699,-0.206393490249055,22543.428841639,0.999884786793706
"beta_random_walk_steps[91]",-0.178027756723894,0.000121325720237765,0.0173663777692457,-0.212074464594971,-0.189715512828807,-0.178044102072553,-0.166458570892513,-0.143498217358306,20488.6211285482,0.999927102208624
"beta_random_walk_steps[92]",0.100776023360875,0.000122393226934984,0.017782597717963,0.0660508566840676,0.0888755603960324,0.100719628848748,0.112672138891654,0.135553175450014,21109.387747041,1.00027119339608
"beta_random_walk_steps[93]",0.00688624045315361,0.000121282348468507,0.0177610827927007,-0.0286481728332643,-0.00488167012404911,0.00678769248920371,0.018838884158541,0.0413602756912058,21445.8706221282,1.00010395463011
"beta_random_walk_steps[94]",0.461330103295007,0.000124613985662237,0.0177827130473386,0.426060424782364,0.449488922674598,0.461281380820541,0.473401590038207,0.495964082052,20363.9708884836,0.999737446498128
"beta_random_walk_steps[95]",0.295292557308754,0.000115011602395067,0.0176356885382405,0.26023756482434,0.283510357795296,0.295271300572153,0.307137041780085,0.329634155733371,23512.6474372016,0.999416726503994
"zetas[1]",0.0592624380075448,0.000215070357971954,0.0301268131800596,0.00967915645077598,0.0375300465068033,0.0563969843267871,0.0775289205394844,0.126502958638823,19622.0904260095,0.999837875934298
"zetas[2]",0.0394408636067556,0.000119766178153412,0.0179890259942066,0.0106947145354462,0.0265643306319236,0.037115698128214,0.0497614040306985,0.079902326731198,22560.406290903,0.999996524613223
"zetas[3]",0.0769589960350406,0.000335590923495599,0.0556061646345432,0.00351622902784558,0.0337784930730551,0.0665553272491483,0.108312730294531,0.208226751618049,27455.2542528078,1.00000099482312
"zetas[4]",0.0140253562078841,6.9625705299086e-05,0.0115179062328255,0.000546618792241462,0.0050313814767792,0.0111695602699402,0.020292821343869,0.0430286017687071,27365.7819471309,0.999708801132265
"zetas[5]",0.036566583827015,0.000153914329077842,0.0228914522408075,0.00241830211919965,0.019233989447877,0.0335849281265726,0.0506195565817309,0.0886250445508277,22120.1762758957,0.99984776021076
"zetas[6]",0.0438067194660714,0.000101182592998876,0.0146522940193065,0.019892806452077,0.033422168908567,0.0422463894342497,0.0523090316655301,0.0769863382812189,20970.0584002077,0.999594626598791
"zetas[7]",0.0195716943895622,5.63265367055186e-05,0.00845812013180103,0.0053210569177223,0.0135706125698153,0.0187598754485592,0.0246154407680059,0.0383897739226354,22548.7047661984,0.999640135385527
"zetas[8]",0.298915710721147,0.00151079854225212,0.151400800754985,0.0981122408971772,0.192193088730638,0.265716733805637,0.371895249867558,0.691721458226404,10042.5321341281,1.00002710360772
"zetas[9]",0.226698467985423,0.00066872307463806,0.0909799728468713,0.0819173990392225,0.163121507297895,0.21546519466111,0.277487700066737,0.435886985825171,18509.6832859606,0.999887245867811
"zetas[10]",0.0368007167101531,0.000144478638255828,0.021174115440655,0.0050818464564881,0.0213816734928726,0.0339304477375218,0.0486159136359227,0.0861030520370769,21478.4666444768,0.999740097346601
"zetas[11]",0.0134760291134753,4.76486690794526e-05,0.00686234200904197,0.00216107391817231,0.00849391056925407,0.0128242607367039,0.0175271621497632,0.0287551133210858,20741.6436589111,0.999870295893895
"zetas[12]",0.0856922608809215,0.000249389288977474,0.0362262111728566,0.0282762782533401,0.0598179762834702,0.0807758202646598,0.106666337007307,0.168134544240165,21100.3779660365,0.999926070560268
"zetas[13]",0.288866030957106,0.0017096132103412,0.158375454646753,0.0951904526067376,0.178478906781479,0.249416747503657,0.354662777165917,0.720018539362055,8581.83221346462,1.00092126737802
"zetas[14]",0.0742404566790201,0.000158110200954954,0.0271458803842524,0.0276769910408775,0.0553355891605495,0.0720205971652259,0.090721589917617,0.13497347914375,29477.3257551129,0.99952324866716
"zetas[15]",0.141830448053412,0.000373823122451134,0.0592744637586106,0.0454394879485413,0.0995680632150338,0.135303083947165,0.176527484705644,0.276622428437458,25142.1808501654,0.999744476717373
"zetas[16]",0.0340727613431203,0.000147982750762,0.0239420760016223,0.00165218857063068,0.0158985828740524,0.0296418557004983,0.0475189359965132,0.0915046028276734,26175.8876761157,0.999392978865143
"zetas[17]",0.0914570231638977,0.000305415850676709,0.0389266964801373,0.0371634080807886,0.0645042472750926,0.0846923914341256,0.110262838984332,0.18567847217688,16244.7096135854,1.00018084937106
"zetas[18]",0.0727493233015071,0.000261498535796934,0.0369061815745511,0.0172709955949342,0.0466087051563213,0.0673809965763427,0.0921369357230034,0.158695636542494,19918.6410454788,1.00007932555908
"zetas[19]",0.125803779137922,0.000329773855652228,0.0523384189494095,0.0419943212530725,0.0889565759333582,0.1195942146008,0.155498913860954,0.246932331155314,25188.8740322849,0.9995938735212
"zetas[20]",0.168844061960476,0.000570415673217572,0.0874064828913363,0.0261894489993214,0.105997250700781,0.159675804909352,0.219919871955266,0.368032798959515,23480.3404890888,0.99967731594648
"zetas[21]",0.0824060677330176,0.000247445531376474,0.0306780477854598,0.0371261895771017,0.0610431211996623,0.0777771338444648,0.0982465657061427,0.154829206164689,15370.7906883136,1.00009879975506
"zetas[22]",0.0903242489418307,0.000223643728714577,0.0314590168100698,0.0408565245364108,0.0680421709061363,0.0860749221699215,0.107961845950073,0.16301692190041,19786.8582267117,0.999702869620326
"zetas[23]",0.0739980500070502,0.000226439066746005,0.031650446297746,0.0238378444735889,0.0518260975377584,0.0700563164017583,0.0916172033784,0.148805247152671,19536.9589516419,0.999661140827633
"zetas[24]",0.145424226709065,0.00046662292904221,0.0569964475948527,0.0632339921662131,0.105769464611197,0.135850088875818,0.17529978669129,0.282528047051813,14919.8145764782,1.00007813528699
"zetas[25]",0.257920066729888,0.000835272140862732,0.0987803788978964,0.11361546236422,0.188275623245784,0.242292448041187,0.310597540435701,0.487791911133977,13985.7378147063,1.00015830050518
"zetas[26]",0.0576623701634418,0.000180538980082167,0.025793258350982,0.0160504367273591,0.0392520867689832,0.0546440795890624,0.0728763445499736,0.116317419909979,20411.2897096517,0.999834875247222
"zetas[27]",0.0565857080320435,0.000164270927200148,0.0244370143881114,0.0177874824234575,0.0393602983054476,0.0535237231032693,0.0705477725111264,0.113333177893642,22129.6666590921,0.999565095871097
"zetas[28]",0.107357300418875,0.000534187050513936,0.0539448072980282,0.0331098886172039,0.0705625343249889,0.0983371397407415,0.133242346940019,0.233763212865877,10197.9430033538,1.00079129070755
"zetas[29]",0.0351297376208257,0.000120329352075607,0.0181229889215836,0.00695631486244759,0.0221964797176465,0.0327240038948885,0.0451167634749682,0.0777251591088118,22683.8357265193,0.999870321149283
"zetas[30]",0.10955281713591,0.000251970958209691,0.038684980721884,0.0475700981164261,0.0823652714458666,0.104808648072971,0.131170050678361,0.19885114892217,23571.3140647002,0.999577157824469
"zetas[31]",0.0572911041111869,0.000189116909450856,0.0289671444903961,0.00979990630702679,0.0366018166308709,0.0541522488397478,0.0743420051879542,0.123408281846547,23461.2229847094,0.999698589562868
"zetas[32]",0.0371005625127278,0.000105120285084508,0.0151082923775902,0.0136503902797838,0.0262763998681969,0.0349614491262405,0.0457079679248058,0.072417152483062,20656.5458576887,0.999735516032514
"zetas[33]",0.031395319413829,0.000103359529756233,0.0149840553180867,0.00572281963641063,0.0204796161207955,0.0302130315194674,0.0408921583536197,0.0638895489260313,21016.3690354953,0.999769447342947
"zetas[34]",0.0419012528416479,0.000111669175476769,0.016427306019816,0.0127328371238339,0.0302806419454245,0.0409230095673985,0.0522007149204022,0.076559804745205,21640.439473989,0.999452170720177
"zetas[35]",0.604570227141505,0.00129951909584978,0.189730663045432,0.254094797884453,0.464246063730969,0.598939930286457,0.744303017725435,0.960874818917421,21316.1966231879,0.999625116133061
"zetas[36]",0.101870829701404,0.000389652372970617,0.0602202069054287,0.00911770939346229,0.0565593731492181,0.0940718480950864,0.138560152262787,0.237864149874179,23885.2524498822,0.999474647001424
"zetas[37]",0.410663521177121,0.00151960112939043,0.149708181911437,0.195236066190048,0.303391448900813,0.383610158316407,0.486733730176482,0.789526877002084,9705.81160428827,1.00102833974697
"zetas[38]",0.119846790461156,0.000634167320801489,0.0653144970816614,0.0356273760120581,0.0764348775802715,0.107267205931064,0.147503586552771,0.277933688908566,10607.4613231735,1.0010774614976
"zetas[39]",0.0386882151085385,8.64227981492113e-05,0.0124351477203434,0.0179956273498666,0.0299079981342208,0.0374239101437915,0.0460366103385406,0.0664898467916748,20703.5705391523,0.999646479318129
"zetas[40]",0.0466462047130663,0.000164211320864174,0.0223720502196903,0.0112128407561159,0.0306097222296132,0.0441133288591373,0.0593899867257453,0.0979376309009184,18561.17144409,0.999613438724934
"zetas[41]",0.114381396147037,0.000438926959965921,0.0699986140293444,0.00906133711430331,0.0618529292963485,0.104851934831204,0.156668305885751,0.275186031808359,25432.8112396361,0.999724581970432
"zetas[42]",0.260046359909568,0.000748638001200938,0.110755436987672,0.0783722397356537,0.181293500734228,0.248061822728089,0.325471942846442,0.510854538478137,21887.00682053,0.999933613434889
"zetas[43]",0.450579746589604,0.00101021213701708,0.144213823845489,0.205991900400914,0.347353640104914,0.43638520551661,0.539834363317807,0.776319767563386,20379.2698872941,0.999490959281355
"zetas[44]",0.0370342270100161,0.000188616502774633,0.0301448028579202,0.0012731425875734,0.0136521915441772,0.0299564533727722,0.0527211459891894,0.110464015368457,25542.624547995,0.99966468677942
"zetas[45]",0.0300450562960906,0.000158227298066209,0.0260357890067517,0.00094653801626217,0.0102071809118896,0.0232744284720424,0.0426044343762304,0.098072836876379,27075.6357406436,0.999812780976873
"zetas[46]",0.149752860634999,0.000390072073557513,0.0597136190794907,0.0533756260096551,0.107316720756404,0.142332858005122,0.18394260793869,0.290091537801433,23434.5743036753,0.999459102783395
"zetas[47]",0.462423131083076,0.00104461626265858,0.138464451848145,0.228314270701207,0.363636536361794,0.450230114089544,0.545154514671717,0.777315629235257,17569.6461973694,0.999812903795251
"zetas[48]",0.0710517440371814,0.000152237387034144,0.0237812646839571,0.0318810904876827,0.0542458672440684,0.0684811570541335,0.0849075457104588,0.124992906884891,24402.1027111494,0.999691158326103
"zetas[49]",0.034461123176559,0.000145312644600904,0.0223611180238535,0.00257788296018146,0.0176747957071644,0.0309943820778747,0.0473545388804611,0.0877423548427283,23679.9190951768,0.999553911325782
"zetas[50]",0.348215588465288,0.00189912932540061,0.162467884279891,0.142821796127412,0.233049578763671,0.309179758840232,0.420057897667286,0.795497660639222,7318.56559922949,1.000772124756
"zetas[51]",0.0520490974789104,0.000219938520806454,0.032469665215737,0.0034232342212481,0.0271634261463649,0.0480720339471491,0.0715865889368508,0.125702675911926,21794.8067104549,0.999508965469361
"zetas[52]",0.172048669695698,0.000614351362948712,0.0737965544434562,0.0604580194613934,0.121193333931832,0.161779102570847,0.210977659284557,0.341717187493068,14429.0759042231,0.999690234682172
"zetas[53]",0.169704744700349,0.000438385945791554,0.0694516904200519,0.0569325260984104,0.120614164180899,0.162242041500166,0.209986766962,0.327532183506361,25098.7675331705,0.999844726936974
"zetas[54]",0.0183414088090832,5.3424752129047e-05,0.00820621151272064,0.00462200822976563,0.0124374774078596,0.0174790390308821,0.0233717139462213,0.0365494335913782,23593.935152209,0.99950882804894
"zetas[55]",0.01764105686145,8.13291536195411e-05,0.0135743980384084,0.000712529377723871,0.00707455267513421,0.0147449783744501,0.0251181505845813,0.0506669135698138,27857.9178980659,0.999452833810608
"zetas[56]",0.0506702764749307,0.000131234926546455,0.018560705054023,0.0202454023554934,0.0375401714252395,0.0484676520005611,0.0616007214797099,0.0924761150072905,20002.7668977343,1.00002884041476
"zetas[57]",0.101042481784236,0.00033255016392841,0.0393546251211136,0.0465093464223855,0.0742359812857787,0.0936830101584739,0.119545538244212,0.196655811739473,14004.8101897879,0.99992632292396
"zetas[58]",0.0701211288456137,0.000143955374335613,0.021298093271228,0.0356180858133504,0.0551177447038796,0.0676878043936197,0.0823919714006992,0.119458777122942,21888.9879851951,0.999726150430447
"zetas[59]",0.0382123990913051,0.000104737718324488,0.0168396145301213,0.00959166393372079,0.0262079642523443,0.0367246216833386,0.0484106078827529,0.0754896922971636,25849.8528105931,0.999424947037107
"zetas[60]",0.341691286239722,0.00131068285607995,0.182959982704506,0.0480329105795757,0.207602140321296,0.31912959743595,0.451204615218521,0.769427780062483,19485.7435895078,0.99995629962442
"zetas[61]",0.657450271742093,0.00151093828935131,0.182532652565965,0.320638119451083,0.517202023475452,0.655540150171353,0.803934733255121,0.976180883885924,14594.4480864955,1.00042018891024
"zetas[62]",0.157444176670794,0.000586026943478205,0.0622377976010777,0.06863344254762,0.113600329653418,0.147296217835927,0.189259672726676,0.305116580978038,11279.0692796128,1.0003695178819
"zetas[63]",0.0931493035538968,0.000212433823986008,0.033676198870179,0.0325451672368826,0.0697509934852292,0.0908969372694082,0.114783949933397,0.164565231016751,25130.365053161,0.999671630351017
"zetas[64]",0.252455496386124,0.000648020596503249,0.0864696069916989,0.117528422098209,0.191263883164761,0.240464889473171,0.301425238221545,0.455155828121565,17805.3022776572,1.00019318295124
"zetas[65]",0.290239218743509,0.000653660780890009,0.0997994596141229,0.121104963578324,0.219608680466939,0.281254266901756,0.351328762236454,0.509701485069238,23310.4964309887,0.999643230967106
"zetas[66]",0.0870319597231691,0.000297324963077956,0.0400402108693744,0.0301134032322774,0.0589864250901407,0.0801907570785284,0.107151135767431,0.182890008370336,18135.5180007446,0.999881933925797
"zetas[67]",0.30363704571564,0.000602720736172746,0.0888287872183602,0.157243567252449,0.240163321936407,0.294852906789751,0.356362439399282,0.501466145667494,21720.7690948239,0.999868017402011
"zetas[68]",0.0815713853353967,0.000198415315931044,0.0257132117022774,0.0426141654303193,0.0636893250717511,0.0777406358195189,0.0947084125079181,0.142658045764304,16794.3138604584,0.999714946585002
"zetas[69]",0.118736758493154,0.00031306739888079,0.0399215568007099,0.058498902900665,0.0904425925523812,0.112858162314597,0.140255927752592,0.213860122828986,16260.7003944476,1.00002235152165
"zetas[70]",0.146452029076842,0.00122203285039333,0.0789206680612793,0.0621124593098485,0.0977745731931386,0.127711663642882,0.171275351110059,0.340520320797874,4170.76523097653,1.00371881757899
"zetas[71]",0.211973491492973,0.000820836808540211,0.0921652849857335,0.0841612704310878,0.14746567524301,0.195702976830123,0.256480354109328,0.436805225090038,12607.2711747329,1.00052636017348
"zetas[72]",0.0727394105131558,0.000217575696564409,0.0282757405054919,0.0306939282852182,0.0526938370869107,0.0680962854863238,0.0880198613128444,0.139618277478023,16889.1273157834,0.999720888357703
"zetas[73]",0.112365668890502,0.000239874377943268,0.0342656661879848,0.0555097922687386,0.0880884380874697,0.109001497360522,0.133131735350666,0.188546336290973,20405.6595439015,0.999348989614119
"zetas[74]",0.0904319071637801,0.000269168473847912,0.0397615245905533,0.0214924837986795,0.0625754778171723,0.0872610220928675,0.115020811708396,0.176251859117626,21821.15189871,0.999719898937002
"zetas[75]",0.292531342278615,0.000634085671586359,0.0963678687190281,0.125479560772078,0.224618677560383,0.284962111797082,0.352586445247082,0.501699228756635,23097.694307558,0.999882952197374
"zetas[76]",0.0352124341134709,0.000163537224021833,0.0229001051116984,0.00272778711325188,0.0181073301702077,0.0315564626825202,0.0482332921131104,0.0892472731097209,19608.3797194813,0.999701239795242
"zetas[77]",0.0740569560894795,0.000254361836277152,0.0367413930019215,0.0187319844364506,0.0481650864099573,0.0688766888445323,0.0939833559865134,0.160343577240306,20864.4688293449,0.99984257669989
"zetas[78]",0.0316707254772583,0.000115536854007936,0.0175075135533891,0.00347226080321431,0.0188597240919635,0.029967247608661,0.0422221825933471,0.0715198524618237,22961.9024100722,0.999516801226811
"zetas[79]",0.253794067698321,0.00122781715476392,0.123563617595295,0.0921467205823634,0.169775086136803,0.226994905555873,0.308944697864414,0.572047753930934,10127.7701295921,1.00071070066649
"zetas[80]",0.31732030051424,0.000703089377085568,0.104254505563954,0.142839922620073,0.243014073519923,0.307233807451833,0.379826532645728,0.552202220027474,21987.1324879152,0.999748103832159
"zetas[81]",0.0560803271824708,0.000214491953257311,0.0315889404688308,0.00717475836337759,0.0332659613908744,0.0516416446096777,0.0743347926661804,0.128754558364544,21689.4285857516,0.99971515677889
"zetas[82]",0.103347807546641,0.000283911577134894,0.0430339457685341,0.030424724202376,0.0727280592686092,0.0993212825872085,0.12908208641672,0.198631289821807,22975.0323733816,0.999558501709525
"zetas[83]",0.0211348208106898,9.67563802984521e-05,0.0139881153693472,0.00155535043284304,0.0107627053424951,0.0186985379547789,0.0289127666953288,0.0547922907478358,20900.6207783933,0.999629172891814
"zetas[84]",0.477902665860073,0.0014351818073877,0.169199752377969,0.211282204627089,0.351517719706895,0.453843940309099,0.5830342045161,0.868645242974406,13899.0656148697,1.00037436728051
"zetas[85]",0.13258788224275,0.00032750689332637,0.0447718047893552,0.0644581257403326,0.101322132632133,0.126420502572841,0.156556886088601,0.240128011419593,18688.2361020041,0.999609723169161
"zetas[86]",0.480779145023066,0.000861478549086759,0.108103334759399,0.302830277706029,0.403921308691631,0.46879467965239,0.544970417160274,0.725050560522016,15746.6888695778,0.999858206137316
"zetas[87]",0.0713982341602363,0.000278630891071586,0.0464164565277398,0.00534212481097545,0.0357931002110179,0.0642825734477155,0.09932008541723,0.177786243131618,27751.4345700504,0.999479221292324
"zetas[88]",0.142700459356425,0.000617492538536508,0.0716986113519821,0.0431221442998843,0.0930597298230157,0.129584121318781,0.177089097448225,0.323889625800933,13482.1160301016,0.999977135998696
"zetas[89]",0.2439970883207,0.00140326635114833,0.128685899761567,0.0913411523602008,0.157291452280432,0.211991666314508,0.292848489988183,0.593953069008608,8409.72324895504,1.00049410935744
"zetas[90]",0.106287939171577,0.000304082140874241,0.0379521270769569,0.0506165638889381,0.079837214780435,0.100031546163214,0.125076781457991,0.199528595448464,15577.2365352858,1.00038054034626
"zetas[91]",0.147183805460159,0.000508503168499718,0.0708716870922329,0.0345157910666666,0.0965684246853644,0.138253916349785,0.188560610862041,0.308643860201612,19424.8742356721,0.999583425392948
"zetas[92]",0.12735357997741,0.000295451931903478,0.0387146037039062,0.0694059183093898,0.0998270516998861,0.121655347046331,0.148115251175886,0.217933028773218,17170.2242746287,0.999870335749281
"zetas[93]",0.150772145263817,0.000918254583983768,0.0915153577123392,0.035341476252948,0.0887452732777672,0.131371367104605,0.189868507304128,0.381375798719831,9932.57271434158,1.00053997315251
"zetas[94]",0.114010500928849,0.000361273923437805,0.0430712249901092,0.0525274420892861,0.0840889124775641,0.106879939429337,0.136138953059779,0.215352774960984,14213.5059728281,1.0002631008082
"zetas[95]",0.0918957946326016,0.000260974007808839,0.032903261166975,0.0440325102901746,0.0689424410582118,0.0865071740492192,0.108429163620308,0.171461376077419,15895.8362058278,1.00050246313045
"zetas[96]",0.0938039857472884,0.000260254830253921,0.0325461637858119,0.0462021250219417,0.0709542959375074,0.0883762287104972,0.11062049981437,0.172791996532979,15638.7491697814,1.00010517568384
"zetas[97]",0.034028692315698,6.7671009115444e-05,0.0099628525414153,0.0174913618101843,0.0270874267617556,0.0329713264748973,0.0398268853745839,0.0564893089153372,21675.1493870302,0.999781935329882
"zetas[98]",0.188027964420378,0.000503736031260749,0.0799937054554205,0.051558714722016,0.131642830902784,0.181478870417791,0.235619804511941,0.364139549732327,25217.7071333346,0.999666151540515
"zetas[99]",0.00648046253730066,2.12182635019487e-05,0.00291284502522561,0.00151435177221668,0.00443297728310322,0.00620139528116359,0.00820939061848386,0.0129888682309049,18845.821842752,0.999985734879103
"zetas[100]",0.038848015013771,0.000149035016846126,0.0196161543720867,0.00715751685005513,0.024716165812921,0.0365446486197523,0.0505023293577755,0.0829878729283128,17324.1166434342,0.999627093491985
"zetas[101]",0.0288091385175415,6.32477546628432e-05,0.00938861712142834,0.0135652547878562,0.0220886044624179,0.0277502711005667,0.0343273358923454,0.0500402446582297,22034.9988422618,0.999928321179446
"zetas[102]",0.0624009864724013,0.000160095901641634,0.0203011785100177,0.0310150774516149,0.0481451306206838,0.0594552873114633,0.073630729950728,0.10969146067968,16079.8528919736,1.00034129323381
"zetas[103]",0.537364571269645,0.00150282368852903,0.184093587388699,0.234150585458012,0.39742397944753,0.518819481867147,0.661901847733316,0.930303172727969,15005.8726848258,0.999803731570091
"zetas[104]",0.113351110197198,0.000600930682966311,0.0532194652317243,0.0486755719800731,0.0791887260168179,0.102640127734911,0.134121255238837,0.241430931822249,7843.18129925536,1.00065880928198
"zetas[105]",0.118910170974016,0.000886644516330598,0.0782306821126523,0.0371537485983786,0.070313551401267,0.0987034121945921,0.141793528904202,0.326848655678452,7784.93819694712,1.00029237179115
"zetas[106]",0.380468110845585,0.00187813963097461,0.182992326977464,0.141442256117848,0.245146879134548,0.334736982168229,0.476110803245512,0.851065943608368,9493.14262433433,1.00074252428176
"zetas[107]",0.189274626586649,0.000642378688250304,0.0756991922748934,0.0795917253849321,0.136787419123624,0.177018202012968,0.226839577119453,0.370203752916411,13886.7380258243,1.00001644422652
"zetas[108]",0.207493275309377,0.000553994600088695,0.0740676439956879,0.0926721389381769,0.154834993205801,0.19707193547733,0.24837884995246,0.380916472843329,17874.9978315928,0.99982879006868
"zetas[109]",0.0294478865255862,9.28926011836804e-05,0.0114981997037213,0.0131209927173354,0.0215653996265837,0.0275217366297984,0.0350720666773269,0.0565420537923732,15321.3645549734,0.999886596751691
"zetas[110]",0.234670798477713,0.000799638351307555,0.0821035541156308,0.122730703656165,0.178865479119763,0.218533280940642,0.271928451841457,0.442228042087598,10542.3318944703,1.0003853539224
"zetas[111]",0.453478148791808,0.00103654373985017,0.135049842770301,0.229931474467762,0.355323664648983,0.439294755738194,0.536555381394043,0.758011806550744,16975.1218205717,1.0001536806368
"zetas[112]",0.633603737715889,0.00128398551691337,0.174135618606749,0.314267687091376,0.505069527502815,0.625489603562677,0.762092503739876,0.965056313112217,18393.1018662235,0.999814971239711
"zetas[113]",0.0996774570371061,0.000490540716672374,0.0493408775092002,0.0381348776928031,0.067040354157425,0.089571385902618,0.120338418261368,0.220861456438527,10117.2764136148,1.00048830488244
"zetas[114]",0.150151178764899,0.000586858274820553,0.0629949139192811,0.0664724344452692,0.107998370915285,0.138406160597646,0.178289777874759,0.303876254786953,11522.4414089114,0.999973479721873
"zetas[115]",0.0905550839408865,0.000176266179869861,0.0277448478929142,0.0454780951058795,0.0708345917638069,0.0873093748266767,0.106565547685208,0.153506847720771,24775.7443841161,0.999802921162562
"zetas[116]",0.0943915643444948,0.000252072048917779,0.0379733106477157,0.033490555759185,0.0676215227470732,0.0898013968124673,0.116008203970051,0.182067854530753,22693.8166260306,0.999749823176421
"zetas[117]",0.233515081455991,0.00178619846137409,0.166729336498072,0.0582533618831465,0.119122964220202,0.180954190787083,0.292308462663533,0.710565392353241,8712.93796502667,1.00134865288824
"zetas[118]",0.546018214336332,0.00181197252245535,0.200907738376379,0.225674791686354,0.385668467702988,0.521668912338858,0.690316084350585,0.955997250714129,12293.9124079243,1.00069569154278
"zetas[119]",0.455236392482526,0.00183610445605261,0.189258016888723,0.182498690688013,0.311610014081504,0.419098024066738,0.567230585957285,0.909656205329024,10624.6296622266,1.00086072735779
"zetas[120]",0.122088533639245,0.00033214588198971,0.0461746036018817,0.0519794676760893,0.0896235918894498,0.115093870911975,0.147077237949174,0.233481251196083,19326.2951129498,0.999684366884366
"zetas[121]",0.0823079109885473,0.000220563779019357,0.0312357826366351,0.0341270369078424,0.0600372885459689,0.0777986607162363,0.0998593265853767,0.155625320268499,20055.6340125383,0.999935838263609
"zetas[122]",0.142065394609691,0.000386560111178125,0.0500366298813185,0.0688983097058723,0.106988592698596,0.133702180994117,0.168019782668619,0.26356120795565,16754.9072049336,1.00012961528508
"zetas[123]",0.039871645313517,9.73177170847409e-05,0.0139223157573559,0.0179835616492854,0.0300332848455371,0.0380371584953628,0.0475959239283416,0.072314736457454,20466.2904673836,0.999844671258979
"zetas[124]",0.117092509556337,0.000323782461272037,0.0484241100926559,0.0376978374901737,0.0832320769660311,0.112029340171403,0.14549301579547,0.225824715848629,22367.4593317893,0.999777508126904
"zetas[125]",0.163262229509171,0.00029251904345097,0.04326132725576,0.0905209488882156,0.132735085211278,0.159185249279044,0.189308532392964,0.259610730811345,21872.1456718211,0.999939096524287
"zetas[126]",0.153624839132867,0.000391625459353831,0.0493019844949599,0.0789636781454029,0.118692856166596,0.146275324458686,0.180438940868155,0.268633795639723,15848.456310558,1.00007779637947
"zetas[127]",0.0759941723922058,0.000262479752374668,0.0318181607446116,0.0305849185213172,0.0539861509995624,0.0703770110535979,0.0919161513367795,0.15436661624617,14694.6256843923,0.99988801586355
"zetas[128]",0.129156848234297,0.000431722689713756,0.0503370085476259,0.0576442429411511,0.0947072972073958,0.120315966643326,0.153055279042657,0.254263830488241,13594.5568990623,0.999993012915984
"zetas[129]",0.0729658423809746,0.000151195256562274,0.0225166019587522,0.0348447445984127,0.057097965774915,0.0709164568173501,0.0865504819855316,0.122932402486915,22178.3569298489,0.999636215325085
"zetas[130]",0.176601376310786,0.000605003086965499,0.0687979194991652,0.0785410018332763,0.128575438028017,0.164913301917368,0.211869547923856,0.342392491764365,12931.0987683489,1.00077859592909
"zetas[131]",0.407829924353413,0.00162015542398664,0.168004219424213,0.169617508195557,0.284639562253671,0.373566620711462,0.49951405519372,0.825139992159422,10752.9349905297,1.00092337026146
"zetas[132]",0.114572277602815,0.000336945085116643,0.0475259607847006,0.0436170316854799,0.081253925426314,0.107366640739333,0.139604585877345,0.228253976329269,19894.9823821816,0.999997585416065
"zetas[133]",0.015447676776502,3.72534355160656e-05,0.00591551779286008,0.00529176710083196,0.0112234081459539,0.0149677026702559,0.0191675845365078,0.0281306284866285,25214.6457357151,0.999985233180301
"zetas[134]",0.0314536660098906,6.19635633818524e-05,0.00913165353344083,0.0168391274739111,0.0250049126429862,0.0303309133147322,0.0367060670128027,0.052154094612132,21718.312646255,1.00020150087517
"zetas[135]",0.0304264936095056,0.000137922462575703,0.0228678240829494,0.00133503012167621,0.0127400312603923,0.0256842749159155,0.0432309384148589,0.0858523113872715,27490.3126840051,0.999566219451979
"zetas[136]",0.0489742582392822,8.3835456507602e-05,0.012938776372796,0.0272552268161467,0.0398431748164042,0.0477813701584412,0.0566426219034077,0.0779012926296853,23819.4070721214,0.999871226213015
"zetas[137]",0.0702957457823367,0.000172106668966809,0.0272734844486485,0.0251712414966668,0.0506524515763069,0.0675923294302045,0.086979170505037,0.130481263003768,25112.2632409645,0.999657544694029
"zetas[138]",0.184232195366779,0.000723853670254785,0.0784615743835036,0.0809864746546304,0.131051726591845,0.168282139473082,0.219456589797259,0.377880301620754,11749.3130396762,0.999753696075018
"zetas[139]",0.12434741168691,0.000359561336982239,0.0400241180691648,0.0673946037547948,0.0964725222051992,0.117526180059231,0.144209200575184,0.221651238407267,12390.7492640118,1.00042927416622
"zetas[140]",0.0241834510379166,5.47480243772734e-05,0.00759815009105901,0.011968189383985,0.0188430208561963,0.0232576850640224,0.0284727295352887,0.0417648394409028,19261.0000547068,0.999789118203466
"zetas[141]",0.0309981425565475,6.94967565564628e-05,0.0108553615743587,0.0136555680495329,0.023193453350231,0.0297198328445829,0.0372548284449834,0.055917426636432,24398.2970547574,0.999728523172053
"zetas[142]",0.0268147233209067,6.8465071227145e-05,0.0111793529960102,0.00800930968557678,0.0187238007650388,0.0257913048326923,0.0336584835073979,0.0512572865104354,26662.1526411687,0.999627866718224
"zetas[143]",0.0676242112778711,0.000155821486469982,0.0227892367689598,0.0327734730637156,0.0516752057010197,0.0644091100884883,0.0799017595070883,0.12056477935731,21389.7089434745,0.999581630589552
"zetas[144]",0.143869392865317,0.000410655766402122,0.0469939017356627,0.0774604643276151,0.111147475246032,0.135658386252937,0.16734128892324,0.256774941074461,13095.6529664193,1.00023898569736
"zetas[145]",0.0609339501224779,0.000170283168329336,0.0223658895539183,0.0266170026845451,0.0450430161012935,0.0579340375069453,0.0734352947721422,0.111668227517792,17251.5812367959,0.999688840507544
"zetas[146]",0.0589665671253453,0.000137397554723636,0.0191890322202701,0.0273334217678596,0.0452802152204862,0.0568655085070977,0.0703674485828297,0.101908400900034,19505.0980105435,0.999479479333742
"zetas[147]",0.159296705449771,0.000354749432729318,0.0480981789843011,0.0803522210510443,0.125239543518883,0.15400283376677,0.187563191904556,0.268245516388667,18382.8925595589,1.00006159502356
"zetas[148]",0.0613383168828051,0.000132460029485908,0.018597252533038,0.0320451423514412,0.0481615668290091,0.059083169873293,0.0719528059881231,0.104527110238724,19711.8725302922,0.999866504660184
"zetas[149]",0.0610812721432513,0.000254011568755098,0.0408850119290889,0.00379063975181627,0.0293952946499047,0.0548295833102089,0.0847694512898477,0.157297541615026,25907.2469148778,0.999415140080545
"zetas[150]",0.124601055193115,0.000322362929155181,0.0441654376728286,0.0554673640709311,0.0933174468142403,0.118280436298427,0.14968870055909,0.228057861018131,18770.4589049296,0.999642090435574
"zetas[151]",0.264101897429922,0.000626550122286964,0.0949459133899121,0.109430864816768,0.197149523945548,0.253567060771565,0.318129499041993,0.482801435406402,22963.6498146833,0.999695577625155
"zetas[152]",0.0146068906124634,1.93713803219437e-05,0.00320119576762792,0.00909458117572909,0.0123547906374974,0.0143136702460292,0.0165662463559465,0.0217202906560225,27308.8449995848,0.999504621542112
"zetas[153]",0.0886571354842495,0.000248332872383391,0.0303119483713697,0.0432596481190782,0.0675255075450433,0.0837570382199925,0.104161223983092,0.161714756312587,14899.0741413991,1.00036803571436
"zetas[154]",0.194780410167597,0.000935652059256172,0.0877399318903532,0.0843395184279779,0.136331189874146,0.1761701754316,0.230512539976941,0.419158471033664,8793.58225584864,1.00160039312868
"zetas[155]",0.0625911917469729,0.000161516094250858,0.0224849049661297,0.0284724648531174,0.0468037878435927,0.0593849070806458,0.0746664392056542,0.11479556252715,19379.854163206,1.00000925515426
"zetas[156]",0.0793929808415495,0.000199148111806382,0.0267698422313814,0.0366251291807371,0.0604663667160011,0.0760572412105933,0.0951039866431095,0.140160829582712,18069.2129926983,0.999935894111648
"zetas[157]",0.138499225578911,0.000667681599757142,0.0654771637330467,0.0552348694653895,0.0945312120445573,0.124414044357183,0.166334714306482,0.300140489879224,9617.02847299845,1.00113495245539
"zetas[158]",0.137175387599428,0.000303741350489422,0.0420231844225509,0.0709373284291932,0.107909286549261,0.131703744073293,0.160619552329687,0.233921145276766,19141.2404663467,0.999980811081363
"zetas[159]",0.36963289094272,0.00166817984411999,0.166557758623148,0.138630786249861,0.247942497013945,0.336100106863074,0.455464719730817,0.790607661274882,9968.82556498206,1.00068377789648
"zetas[160]",0.0449602144070052,0.000182533700626837,0.0291340644520448,0.00315877642330685,0.0226149170595608,0.04054278336389,0.0625311886473504,0.112747720335304,25475.1081303616,0.999591873774773
"zetas[161]",0.0553850632478546,0.000124111821908487,0.0170434790719899,0.0283146782713218,0.043442136703299,0.0533408866748341,0.0648817218385647,0.0947801353411346,18857.7642236795,1.00005245402145
"zetas[162]",0.142300476534249,0.000440252152380722,0.049125965263631,0.0717096628544079,0.108280046617206,0.134192777597316,0.167165862290359,0.260124411267799,12451.4296110841,1.00051128941099
"zetas[163]",0.199634134327214,0.00121397526444997,0.102912352217047,0.0803984311581987,0.132694123337386,0.175058849052235,0.236769211176451,0.467930768669076,7186.465317164,1.00097817405013
"zetas[164]",0.149974722410222,0.000334082866451844,0.0545525925399407,0.0592955897872148,0.110632887216786,0.144524812351257,0.183098231901994,0.272593481314964,26663.8208570827,0.999686001518621
"zetas[165]",0.16342195823112,0.000876797999932321,0.0790355311535251,0.0632957347762028,0.110985288079372,0.147762003613582,0.196420654597686,0.362481868742241,8125.4168732894,1.0005180071787
"zetas[166]",0.0564256544616606,0.000190892976416471,0.0282470461861587,0.0111075198893571,0.0359362679459905,0.0533413135158822,0.0731282294380374,0.120445282396318,21896.0704116129,0.999444412521993
"zetas[167]",0.123335763485849,0.000686870730788987,0.0582910349041126,0.050216087768822,0.0853685795398648,0.111602924226444,0.147005151032161,0.26130567932784,7202.00653154284,1.00119937271529
"zetas[168]",0.137696112102179,0.000460412069332755,0.0540363771500358,0.0599172485988678,0.100124360481828,0.128951409984649,0.164392274093825,0.265723355629329,13774.6016678315,1.00013084279834
"zetas[169]",0.467738672025149,0.00169614047825783,0.196462988677011,0.17105591490238,0.315580839481671,0.434011441061674,0.594059885137379,0.912174237363038,13416.4573841207,1.00051664441688
"zetas[170]",0.186229946472343,0.00152287042642501,0.0770201045246373,0.0872215220558639,0.136460091573552,0.172467555234062,0.218982431666119,0.363535832960374,2557.89257643282,1.00552548837621
"zetas[171]",0.386581135247044,0.00193339483791046,0.199119652094339,0.123221433821572,0.234513987476059,0.338788988234546,0.499605013940446,0.875810565128076,10606.8674132961,0.999594316375513
"zetas[172]",0.312803103230017,0.00156619150633616,0.134011126432592,0.138954598879577,0.219320010455353,0.283256672686855,0.37345636963393,0.667561479263926,7321.36378282979,1.00133215708388
"zetas[173]",0.415470993982709,0.00188963570929644,0.187430045784094,0.160083025751288,0.2749187532489,0.374647279160355,0.517391345320958,0.884195202431796,9838.34952824635,1.00094247368473
"zetas[174]",0.0355746175363494,9.90546252888572e-05,0.0137151145482941,0.0144424988090932,0.0260265135752679,0.0335844420902851,0.0427617539938326,0.0680013061926767,19171.2027175989,0.999722891239253
"zetas[175]",0.106186899289886,0.000269336234380636,0.0386307795662909,0.0432538212526462,0.0788436468826974,0.101909480584065,0.128695713522329,0.193610684225822,20572.040787437,0.999663236451516
"zetas[176]",0.109574046356196,0.000335529451130247,0.0448442085286092,0.043223530502342,0.0781531281456779,0.102764207582913,0.133085615909537,0.217155944511478,17862.8780770832,1.00016863007909
"zetas[177]",0.107532643230683,0.000239396767945493,0.0365854434863598,0.0486459560544005,0.0821159257030289,0.103130702315681,0.128340512612414,0.191246163284512,23355.01132582,0.999848971495406
"zetas[178]",0.0648787111969096,0.000213741091841989,0.0256025907913549,0.0287740053297768,0.0472368356413905,0.0604812736210533,0.077331871834278,0.127014974187765,14348.0137009929,1.00132520058043
"zetas[179]",0.11138073231592,0.000302822761300055,0.0381285488046762,0.0551716504103711,0.0846541158476094,0.105391998097581,0.1314281211113,0.203047080833165,15853.4403041752,1.00038550482215
"zetas[180]",0.24556918863066,0.00126960209694972,0.112408699851013,0.104539246212328,0.169912907330328,0.220391319397677,0.291900708383858,0.536716665394191,7839.07080670257,1.00130820046569
"zetas[181]",0.00973314926283732,2.31047992773632e-05,0.00359707364073485,0.00360333870507511,0.00718599914325185,0.00941670741622569,0.0118921196471689,0.0176607345911905,24237.8591858193,0.999434883276284
"zetas[182]",0.185720534684856,0.000528123610818792,0.0832644492929257,0.0490997573404834,0.127016647113302,0.176807094303615,0.234486929558304,0.373668514316478,24856.9626726347,0.999809972959951
"zetas[183]",0.206035025884085,0.00041551084022242,0.0579392142623795,0.112707807982688,0.164893839222411,0.199262246205301,0.239687388986156,0.336383882265797,19443.7704602559,1.00003474427444
"zetas[184]",0.178061477999612,0.000606601906109634,0.0727305849107729,0.0749209028203809,0.127732480805673,0.165792838319014,0.214249446414358,0.349247450190277,14375.6211563422,1.00001306550156
"zetas[185]",0.397229410540368,0.00147014621756842,0.152038720690346,0.185300044203824,0.287968850199846,0.367065870648995,0.473211934664507,0.789081279116494,10695.1616123633,1.00022716358619
"zetas[186]",0.151878485334307,0.000295445005413056,0.0441637456721328,0.0811280462628722,0.120979476938801,0.146322667885767,0.177376013445835,0.253341502324947,22344.9041183142,0.999769734200161
"zetas[187]",0.240276386013842,0.000399248558943353,0.0586007402876987,0.142328233131098,0.198551750737668,0.234458920447605,0.276233257674178,0.369226904647042,21543.6601872775,0.999668742175923
"zetas[188]",0.158134915486101,0.000911811987504384,0.0872494371498459,0.0574580817825817,0.101535283053873,0.137832704324228,0.18964046454645,0.392287342370151,9156.18740204661,1.00103186806103
"zetas[189]",0.0519120149028497,0.000159540112061316,0.0195301385943862,0.0236835387122372,0.0385139205560933,0.0489384523674384,0.0614333862106127,0.0979890800909021,14985.4871274566,0.999750248354874
"zetas[190]",0.0165408195753842,2.38888562435465e-05,0.00395450451302059,0.00987218265667844,0.0137568772612007,0.0161439370514534,0.0189337998823663,0.0253972622177624,27402.7051035094,0.999533201576775
"zetas[191]",0.114150499650359,0.000367756541915446,0.0447025799449829,0.0498239321368599,0.0828699630177381,0.10666097237505,0.13670020328611,0.220770160609444,14775.5740593967,0.999898148594725
"zetas[192]",0.0174797003974023,3.40901648294482e-05,0.00545525860255531,0.00867481581247262,0.013579720059886,0.0168187356587591,0.0206833418325044,0.0298853798044013,25607.8126306571,0.999546037637457
"zetas[193]",0.498065463193412,0.00173750098230167,0.199311467255963,0.192049102513534,0.343240739713254,0.466536539541642,0.630892924442682,0.934890303849476,13158.744516283,1.00048954011872
"zetas[194]",0.485153815570529,0.00106404913352981,0.134107751476763,0.263122580895492,0.390461211144643,0.471015094103382,0.566971693504914,0.787882589376435,15884.8967791886,0.999807984055176
"zetas[195]",0.568378820105092,0.0012458004154857,0.167435865251361,0.27354796852383,0.443984339188982,0.555817257439963,0.681572299601351,0.918517710659804,18063.422444591,0.999617959854755
"zetas[196]",0.223573975361662,0.00156237627616153,0.137347392642111,0.0694258792297818,0.132521054790001,0.186247532243242,0.2706636109635,0.61194540048536,7728.04366125815,1.00039880631503
"zetas[197]",0.218085572114067,0.000412125908916305,0.0708552122137386,0.101627145839677,0.168083878301612,0.210640176905495,0.259975796079017,0.376985418418914,29558.5938605844,0.999481799779001
"zetas[198]",0.202000052833576,0.00046317969848765,0.0688515687626896,0.088266104030504,0.153761230383807,0.195197990049174,0.242264691215949,0.356829515670596,22096.7625383827,0.999704457659948
"zetas[199]",0.0707019669496724,0.000222046663354703,0.0256567800040144,0.03398326325821,0.0530847174740446,0.0663630557210836,0.0835048024373154,0.133183688638388,13351.0615360106,1.00005323792904
"zetas[200]",0.0778900362308756,0.000182938349762762,0.0254798119906088,0.0357028259122485,0.0598560904887853,0.0754300282496513,0.0932713676218591,0.134367885315417,19399.159955063,0.999852602452188
"zetas[201]",0.257444206363761,0.00077282745881029,0.0950642287484144,0.115405974825731,0.191111324389118,0.242675853078221,0.307664478586951,0.486285208045773,15131.0535984631,0.9996766706698
"zetas[202]",0.0850181280406944,0.000261561920453509,0.0330296352706172,0.0367814280785614,0.0618647584227973,0.0794614461141425,0.102460028636857,0.164502399207415,15946.2482637296,1.0003335421263
"zetas[203]",0.0604831383703552,0.000191106542802351,0.030312770489107,0.0124217567073355,0.0382386493512181,0.0571838410319979,0.0790103899502521,0.129428110234698,25159.3925111047,0.99966785878676
"zetas[204]",0.124972202544695,0.00040130433171046,0.0482402144793824,0.055457437042846,0.091415147125656,0.117102364779449,0.149487314229587,0.240132076378748,14450.0970841332,1.00035910869116
"zetas[205]",0.0504310750044903,0.000124867225765843,0.0185932284620832,0.0226669200796987,0.037296366411723,0.0476152513752032,0.0603596154462849,0.0953401169459196,22172.3990138033,0.999584709081104
"zetas[206]",0.369062497679577,0.00211505809887297,0.200213924665461,0.114549667901591,0.217587828403612,0.316739468591287,0.472982181477645,0.881486046307667,8960.74161788786,1.00060443904929
"zetas[207]",0.170905542908282,0.000390659405834659,0.05156641473311,0.0894200002524188,0.134229900449604,0.164005824913604,0.200536210001853,0.289100188248042,17423.5763983233,1.00031659901852
"zetas[208]",0.191314428292989,0.000332762239107647,0.0558678656403556,0.0979486196487276,0.152156911306013,0.186201304298409,0.224809807930624,0.313631288830425,28187.4691664091,0.999624312522806
"zetas[209]",0.070961897035286,0.000161637886419845,0.025062675651204,0.0284711018806679,0.0532979751460233,0.068917980825098,0.0864054127294809,0.12643809391042,24041.8864423457,0.999487546483534
"zetas[210]",0.398923885967277,0.00142624777777948,0.142779893206503,0.194520106910368,0.296849451581172,0.371855169001337,0.470208215621464,0.757077458735715,10021.7633683234,1.00009622398261
"zetas[211]",0.0717004462724837,0.000141831345512242,0.0218236799809461,0.0351746884637645,0.0562201882411931,0.0697654692920812,0.084673174984203,0.120225260412302,23676.1740165606,0.999669605388205
"zetas[212]",0.0609920621223996,0.000183538841495588,0.024267759449221,0.0255610063663418,0.0441070871220396,0.0569306570588763,0.0733060947731145,0.119501194352031,17482.4941115642,0.999985360898503
"zetas[213]",0.121123042064781,0.000277163037902576,0.0429514208278677,0.0499861025345845,0.090798120525926,0.116846719464341,0.147025327538112,0.215861568806057,24015.1024609516,0.999642237191632
"zetas[214]",0.0385832289398076,8.12002945479334e-05,0.0136617801600015,0.016240212840895,0.0290076425873659,0.0371992436102021,0.0463667460902737,0.0697708787647498,28307.3605078579,0.999793868347673
"zetas[215]",0.222033933039749,0.00119147456165281,0.109278372612173,0.092904091805372,0.149414701299366,0.196132189892839,0.263141144042141,0.517183627156804,8411.99273057515,1.00093049619951
"zetas[216]",0.064102078537838,0.000144984040326429,0.0232741705212073,0.0268314012413046,0.0475335555023928,0.0613987710273851,0.0776664604483194,0.117352027308629,25769.6207638382,0.999450139638602
"zetas[217]",0.0243053680385081,3.74581947113625e-05,0.00620224705029077,0.0140273208259603,0.0199291906811019,0.0236803766069894,0.0280103822690284,0.038004968170149,27416.0218035254,0.99947494211366
"zetas[218]",0.185038455191448,0.000480895519462542,0.0613961300250689,0.0931026253334072,0.142007252511639,0.175408019693209,0.217355523643993,0.328897290553915,16299.7345921038,1.0003478343209
"zetas[219]",0.0795603782215984,0.00022902983596189,0.0294362262476299,0.0351734016485799,0.0588026823026009,0.0752633008053232,0.0951648431318516,0.148593779605985,16518.8625861066,1.00020729600275
"zetas[220]",0.171156251704903,0.00036562775656531,0.0527108946584906,0.0887360803257315,0.134019801014056,0.164200057735968,0.199893579122482,0.294630392186351,20783.6806018241,0.999478007399046
"zetas[221]",0.132119120216073,0.000362087028191275,0.0490574409825326,0.0583481951542942,0.0976311954271767,0.124649958001611,0.158300418904865,0.249372637254169,18356.2450696096,0.99963815854187
"zetas[222]",0.0256555814858603,5.02451658718207e-05,0.00736547271188005,0.0138361720570382,0.0203899568808026,0.024788584218439,0.0299372731525017,0.0422806379816392,21488.8255957568,0.999528574335964
"zetas[223]",0.0353988350238203,0.000118803935883288,0.014278122573419,0.0151114756882387,0.0255532176316396,0.03280038498122,0.0423202076018157,0.0702112227489919,14443.7696746792,1.00032789997762
"zetas[224]",0.00907828087836827,2.00199987923385e-05,0.00320427127026388,0.00338765699093838,0.00681330781291576,0.00883447922006525,0.0111347835497845,0.0158485773870019,25617.1291549328,0.99976124369834
"zetas[225]",0.370450391427355,0.0015233630511398,0.138673963637707,0.178281030279586,0.272162667554869,0.344434532093225,0.43794246694269,0.721426056435672,8286.72682714153,1.00070372980483
"zetas[226]",0.11397400238245,0.000918841649198261,0.0711101849280425,0.0399730061650873,0.0709085577664639,0.0963400524961182,0.13440023498925,0.292593446118291,5989.38555490609,1.00145361473067
"zetas[227]",0.0645402103087065,0.000240104036183809,0.0280052621900804,0.0261541188514695,0.0450022352040416,0.0595312724459179,0.0775947559770898,0.135085038683893,13604.4304450442,0.99997957440924
"zetas[228]",0.0133046308523138,2.64273286993313e-05,0.00362916262346339,0.00740673516550966,0.0107445849870258,0.0128780381768487,0.0153994179830922,0.0217246873793472,18858.4643901302,0.999971237712346
"zetas[229]",0.0759904216840081,0.000144632114753921,0.0224453192210522,0.0392913970378292,0.0598731246987381,0.0735816602962566,0.0892143676730409,0.126579854858988,24083.6385207274,0.999470706836447
"zetas[230]",0.0321409065504472,8.93926014700726e-05,0.0120759993645538,0.0136365071567796,0.0236984368438796,0.0303988273987504,0.0386777981346783,0.060778993083842,18249.1655397044,0.999676800639239
"zetas[231]",0.220284670007218,0.000555273548731203,0.0778306251644015,0.0988958940072794,0.164989158434749,0.209638185503824,0.264809472911511,0.39793492251793,19646.5847648643,0.999895349976398
"zetas[232]",0.0966964279531937,0.000340576583529282,0.0398200582545963,0.0433316411626948,0.0692900924507819,0.0888398197965236,0.115497395918937,0.196065863289937,13670.1793649505,1.00005208692713
"zetas[233]",0.292693192654848,0.00130504815507055,0.121356040295711,0.131015828651264,0.20957212528779,0.267397228004905,0.345926349191928,0.602014810418074,8647.08485761572,1.00062324064382
"zetas[234]",0.0760368839553235,0.000257311246986167,0.0302686557544061,0.0302229706143863,0.0550703873907815,0.0711487034865668,0.0921467421223467,0.148166944755783,13837.8535280674,1.0002339284063
"zetas[235]",0.590746807387366,0.00124741704535332,0.151824878299035,0.333266238677569,0.479103524495852,0.57638587833131,0.692529699079329,0.916109410118252,14813.6655388481,0.999961988872881
"zetas[236]",0.0386500043744862,0.000141460754668062,0.0222814301777478,0.00463637567075011,0.0225973320601886,0.0355578896835897,0.0509572633386015,0.0908031615013984,24809.2814282055,0.99963401777936
"zetas[237]",0.219078382003269,0.000958277067662715,0.115786497464328,0.0616068080924524,0.141263619599516,0.197233846275169,0.271444337476455,0.50866343504778,14599.3541228653,1.00012652835438
"zetas[238]",0.107239119404786,0.000461241645188142,0.0531398560870245,0.0353894332690481,0.0707074597937035,0.0972914840676971,0.132003717410632,0.235294235262009,13273.4470828945,1.00027466573502
"zetas[239]",0.073208727203648,0.000300102528131091,0.0460262359224572,0.00713857481921933,0.0398315146233012,0.0657222079408048,0.0977991298964536,0.18462546101298,23521.8572743093,0.999747312227574
"zetas[240]",0.457799368523782,0.00181032881848147,0.222909392304407,0.113122752964725,0.284315750025399,0.42381055965094,0.610650028395267,0.940015107410007,15161.4872783756,0.999681273242458
"zetas[241]",0.122824115550065,0.000695935093822179,0.0746571342410312,0.0231003253685781,0.0713314477547544,0.108895652467483,0.15749752304912,0.307270070603848,11508.1405201054,1.0003039264124
"zetas[242]",0.112533301748647,0.000421236941644575,0.0557170162962364,0.034936052414536,0.0739457114991534,0.102433355555789,0.139111549223966,0.250627709613399,17495.3566836886,1.00005217330836
"zetas[243]",0.241050941162321,0.00160804417931329,0.160263476597909,0.0559135754186119,0.131391266280491,0.198038490116764,0.302357130866297,0.686077867640868,9932.8337510875,1.00042919464346
"zetas[244]",0.0805172302957613,0.000299750682149189,0.046111928144439,0.014317885470177,0.048084966182192,0.0731646333054136,0.103700432592359,0.191836869822142,23664.9834208949,0.999594798160374
"zetas[245]",0.146635137418008,0.00061365946776943,0.0794939256768466,0.0364624216051005,0.091979192703907,0.132437013143507,0.184267616666651,0.342465652136261,16780.8135004571,0.99979009446083
"zetas[246]",0.189446463909382,0.000942927031171766,0.101155888956558,0.0631420059215722,0.12174213461967,0.168229486927375,0.231681276642634,0.446271098809625,11508.6973695273,1.00135679267965
"zetas[247]",0.479630605584408,0.00167947084953363,0.199606619710668,0.182517343354378,0.325560961892891,0.443754554590095,0.609264481790977,0.925916469117253,14125.5361080892,0.999885922101676
"zetas[248]",0.556676369514752,0.00157164934416368,0.215371721303063,0.193386917467185,0.385818306206084,0.537599227701878,0.720161628245435,0.966298127161445,18778.7226103591,1.00074955952036
"zetas[249]",0.147568817810123,0.00074995376646237,0.0783914727517887,0.0494111199451744,0.0958848760143662,0.131021734007567,0.179149020137148,0.346051712117394,10926.1879312366,1.00136393040356
"zetas[250]",0.363578820894888,0.00190076657022737,0.199832731268698,0.094760518806943,0.210599597920884,0.31844964609317,0.473188249508343,0.862380515044014,11052.8856791044,1.00025732085684
"zetas[251]",0.29100339177192,0.00132600403955379,0.147260819165138,0.0973202387985136,0.186865478383415,0.258873266588511,0.359208784350876,0.674132104263533,12333.4543234195,1.00044851827946
"zetas[252]",0.103800600918801,0.00070584453837543,0.0752883076944706,0.015805807450614,0.0547893819354955,0.0869950800408258,0.131575466342274,0.29364839542185,11377.240888124,1.00062128045083
"zetas[253]",0.525885972814098,0.00169015450898086,0.193950627653119,0.214790422740067,0.374766166282965,0.501840573724715,0.659406165207948,0.936347746015313,13168.2954509215,1.00057715128092
"zetas[254]",0.297399847335615,0.00156946385279986,0.154769145237404,0.100108786214045,0.1886244291511,0.26138822572768,0.367366353112145,0.716030063184541,9724.47429759237,1.00164086455943
"zetas[255]",0.161024585543409,0.000583875453742685,0.0666788452058942,0.0707005701950954,0.115395508335476,0.148301653340156,0.192161771394181,0.323273710954924,13041.7449882328,1.00064950459522
"zetas[256]",0.0462268576405528,0.000182658322297234,0.0267414244320754,0.0071124948345569,0.027458735110891,0.0420468748014051,0.0600181933812841,0.109862640287755,21433.3544146358,0.999649524865872
"zetas[257]",0.576993057361439,0.00164820596236446,0.208205873524298,0.221243341953531,0.411632757227974,0.560610667733483,0.737980423856283,0.966656100987959,15957.4316174178,0.999792599922673
"zetas[258]",0.217431327123256,0.00124033920518805,0.11079392433428,0.0850613646599659,0.144585023143895,0.191417683784885,0.258832879998084,0.523125791093076,7979.04562162912,1.00042722413126
"zetas[259]",0.151768212055707,0.000775999326016946,0.0841510326669972,0.0498792506197398,0.096382184874757,0.133614695334624,0.184878608566262,0.37163782621926,11759.6991574178,1.00018426353106
"zetas[260]",0.0578689560522363,0.000238345508145161,0.0392655088271144,0.0058155498490958,0.0302875452004168,0.0507946042115005,0.0762929643033019,0.153532043023958,27139.9170591231,0.99973981842437
"zetas[261]",0.239041780500222,0.00136301392071117,0.127704442780125,0.0884430397457583,0.153933014560327,0.207572487612784,0.287231366130609,0.593612761513392,8778.32044006425,1.00102595279551
"zetas[262]",0.17978499033796,0.000548636953140397,0.078677668172369,0.0661748086213474,0.124486409922156,0.166156891288501,0.219916767774204,0.373077806786204,20565.1957655773,0.999514201568963
"zetas[263]",0.18580016694782,0.000785568980231565,0.102451399714703,0.0478242105694101,0.116206993476687,0.165693583351822,0.231677757448312,0.445381579732186,17008.5440908324,1.00011164053865
"zetas[264]",0.0951430195831026,0.000235600036135837,0.0350135306359929,0.0420988105834999,0.0702367661730592,0.0902397757638631,0.113835534578633,0.177307717843395,22086.2053524291,0.999567021138482
"zetas[265]",0.511412894996409,0.00188092011017263,0.221464521069338,0.16167376323292,0.332583119056938,0.483285652659885,0.676224481837211,0.95615897348949,13863.3319870005,0.999737023333233
"zetas[266]",0.13442031997139,0.000641923373414646,0.0816340737239247,0.0263887659443233,0.0787789233526212,0.11794316494893,0.17010779889254,0.33920698838296,16172.4776647128,0.999630735705348
"zetas[267]",0.448489753071452,0.00168874022505842,0.198215651188628,0.164928039875693,0.295400558093862,0.40985204720727,0.573271049156491,0.911111400921827,13776.8582737999,0.999902258277173
"zetas[268]",0.0673438461087989,0.000139055030477528,0.0215221213542485,0.0328748350621293,0.052141679682347,0.064844059773069,0.0797501785953133,0.116877839497387,23955.0312949197,0.999509649004953
"zetas[269]",0.0652593029884938,0.000148211720552363,0.0212465036816615,0.0322179703345205,0.0503776347436899,0.0624964501408015,0.076824049337879,0.114368637528315,20549.9063926006,0.999855766534596
"zetas[270]",0.170278442799287,0.000399702282670427,0.0537743326455832,0.0859167151381084,0.132564166437286,0.162960413770043,0.200068203488325,0.294616767697185,18099.9261031988,0.999997119826657
"zetas[271]",0.0786225359739051,0.00031389337674795,0.0338944975974479,0.0330115087583497,0.0555057848452231,0.0723735888208868,0.0939602609988751,0.161354245272679,11659.8804561435,1.00030705031103
"zetas[272]",0.07354552263699,0.000300278796175189,0.0307638811084948,0.0346084739859322,0.0532036027899675,0.0674267578547512,0.0864602316087366,0.149126037308203,10496.2197939468,1.00083729236519
"zetas[273]",0.0105095237509957,2.19427186401294e-05,0.00345659856805282,0.00476594234642215,0.00807172318224844,0.0101511647752348,0.0125526226716133,0.0182290939162496,24815.1567333164,0.999685132580345
"zetas[274]",0.147206532016551,0.000588865502077381,0.0599016465784648,0.0674103731815131,0.106584092201792,0.135779514126622,0.173848987022415,0.294309422947602,10347.7349476518,1.00055357560997
"zetas[275]",0.0615345321091472,0.00018197082577254,0.0225875248665639,0.0276660900853778,0.0459070135989331,0.0581799609341028,0.0731472779977842,0.116238560386642,15407.5560250503,0.999926479935612
"zetas[276]",0.163754919511615,0.000382614377363616,0.0527452959115556,0.0787973914790432,0.125781173840551,0.157472349533422,0.194617251496818,0.282328079837444,19003.9944820661,0.999566215729519
"zetas[277]",0.715816117457844,0.00121330137264217,0.155130910723181,0.414053467349798,0.601135659685594,0.717705949012632,0.838629567097518,0.980360058160924,16347.799640856,0.999409732993252
"zetas[278]",0.147265477829466,0.000320799331855725,0.0454355371342134,0.0725785458223411,0.115130360897007,0.142479376530315,0.173878201544288,0.250392605226003,20059.699507125,0.999779498495026
"zetas[279]",0.0530265316820666,0.00013175154524093,0.0166090967888584,0.0282717993650279,0.0413976460333532,0.0506043781498873,0.0618189160306536,0.0919024285272115,15892.074666284,1.00011766560498
"zetas[280]",0.0391379894897255,5.44978465670373e-05,0.00887656425467664,0.0245363404767321,0.0329411723422823,0.0381514108175005,0.0443902138847345,0.0589613874879907,26529.6254488007,0.999620437293465
"zetas[281]",0.0396023202530986,7.99755770468482e-05,0.0137690870887387,0.0170294540344665,0.0296982311202903,0.0381353772402627,0.0479154599940735,0.0704506773543716,29641.1827518301,0.999620185050015
"zetas[282]",0.0564289490044932,0.000132636514052238,0.0191905439954699,0.0256270155941471,0.0426228985935549,0.0542761431146643,0.0675348121662369,0.100376006337605,20933.8145876982,0.999638258644722
"zetas[283]",0.144055485587766,0.00044992462342531,0.0552226162807921,0.0642258093992732,0.105127802146766,0.134321553540786,0.172059883162995,0.27961873267683,15064.4899851549,1.00018398241779
"zetas[284]",0.125613944782998,0.000297450132526298,0.0396427407937249,0.066356895120614,0.0976670597510472,0.119459848805166,0.146723321520164,0.221353255437122,17762.2922793642,0.999511532291518
"zetas[285]",0.0228235564348422,4.82764053688996e-05,0.00713859937209421,0.0112819678017251,0.0177312218050857,0.0219749889457791,0.026916754461971,0.0391095042724579,21865.336643566,0.999564058876583
"zetas[286]",0.0754483455840992,0.000197326521804226,0.0234312771967542,0.0412066019400901,0.0592338361964889,0.0719110548911442,0.0873245849136356,0.130904433459766,14100.0613427089,0.999919887747827
"zetas[287]",0.12488876428522,0.000275639574685596,0.0393085113650284,0.0644052734665402,0.097393800063753,0.119295125591516,0.146393283565742,0.218090630822138,20337.1481373537,1.00017134457887
"zetas[288]",0.103084894814137,0.000393687465755158,0.0458221401370842,0.037163798106105,0.0709982802560395,0.0953597466783433,0.126067917591497,0.212357902913956,13547.1382401646,1.00076082582108
"zetas[289]",0.140244474441554,0.000488310768610123,0.0534012093730587,0.0642181359103332,0.103623298841914,0.131493787355925,0.166208334868468,0.271849298322879,11959.4052268617,1.00015830404099
"zetas[290]",0.0373000013794441,9.44048216121837e-05,0.0135433992302534,0.016427050702481,0.0277734849368675,0.0353393872597678,0.0446844588317624,0.068888720137464,20581.0254444498,0.999853748754392
"zetas[291]",0.209879558132579,0.00114773905993087,0.100041318058673,0.0892845948694094,0.143480288152636,0.187177342011663,0.248914160179526,0.469189285215364,7597.53109655005,1.00200232027686
"zetas[292]",0.257565147412233,0.00156439364317201,0.141885200168557,0.0917748179818812,0.160926498237163,0.22000141661105,0.310734535566311,0.649347238448496,8225.87506865832,1.0011636374036
"zetas[293]",0.158015688451905,0.000401687486053837,0.0522210596204097,0.0801415330400432,0.121276310831298,0.150742068681043,0.185260051340854,0.284013182767122,16901.0915942924,0.99969180887064
"zetas[294]",0.515636644341429,0.0019459640704433,0.208273899914038,0.193924536133509,0.350914754360377,0.485452223919238,0.663148938809844,0.950942424934906,11455.1310964762,1.00059409299171
"zetas[295]",0.103570869893156,0.000263191438349866,0.0377525102553796,0.0451029480569959,0.0767425048418746,0.09866098431289,0.124679103741331,0.192154721393041,20575.393672185,0.999487562801283
"zetas[296]",0.339759522417737,0.00163834143818897,0.152465949872209,0.141143230307976,0.231319784766024,0.30479460151578,0.409157031358879,0.744165009508278,8660.37895050579,1.00180008976098
"zetas[297]",0.255037350558941,0.00175801020301068,0.152517323038053,0.0847770034221969,0.152068817870969,0.212300434357882,0.311311855708306,0.689360465831218,7526.54331711274,1.0010134200515
"zetas[298]",0.0832971410149974,0.000299908916063465,0.0311292543930321,0.0404456009680404,0.0627451597979755,0.0778384871877253,0.0980625032395695,0.157014809013891,10773.5463098969,1.00018273140728
"zetas[299]",0.0584622644747518,9.86879850407655e-05,0.0164484745746393,0.0296079208691672,0.0470417542208893,0.0572676945640019,0.0689068055025707,0.094353532850041,27779.3891686796,0.999733377011444
"zetas[300]",0.0112268893315135,1.59713527810649e-05,0.00261292357108729,0.0067440119632029,0.00937421568791656,0.0110068888948915,0.0128642328862337,0.0169474107193128,26765.1701139592,0.999372188826686
"zetas[301]",0.0995797118672306,0.000160680737057846,0.0267286639777144,0.0541759525185515,0.0806596021950364,0.0971878248282075,0.115856320362341,0.159661214546779,27671.1285588132,0.999416441705959
"zetas[302]",0.234719633332476,0.000745560320385005,0.0933523500090958,0.095285604109109,0.168949010969794,0.220904356059072,0.283458568155931,0.457365738642401,15677.79342379,0.999856833898803
"zetas[303]",0.0766158203650138,0.000234304295262853,0.0306821549834689,0.0301657018948731,0.0552236855761364,0.0720468352272424,0.0929232582367776,0.149270565540573,17147.9109043424,1.0004346696768
"zetas[304]",0.109845827300989,0.000455499398329514,0.0437648734461079,0.0536025031022451,0.0805836031028094,0.101641013916722,0.128544481331495,0.215954677626036,9231.57364509332,1.00117810447478
"zetas[305]",0.133817621120635,0.000243970410529106,0.0353054832389108,0.0759639412453251,0.108971126541101,0.129817552641787,0.154151462402573,0.214005439328769,20941.6070633117,0.999559164617333
"zetas[306]",0.0903320184461285,0.000266270063999745,0.0322764008058288,0.0435331020547346,0.0677673807013098,0.0849485621967417,0.106452612927225,0.168302136277694,14693.5086980874,1.0000252089888
"phi",22.0289454229769,0.00136898911505434,0.24705992885879,21.5483226267848,21.8613260671085,22.0266078266302,22.1936017461781,22.5150772207464,32569.0157343023,0.999299224349773
"lp__",-152909.331511552,0.270078139316713,20.2841367030375,-152950.225567597,-152922.893700045,-152908.983931499,-152895.408779343,-152870.863194833,5640.71544657455,1.00221051720282
