"","dates","pos_mean","pos_lb","pos_ub","region"
"1",2021-03-08,0,0,0,"east_of_england"
"2",2021-03-09,0,0,0,"east_of_england"
"3",2021-03-10,0,0,0,"east_of_england"
"4",2021-03-11,0,0,0,"east_of_england"
"5",2021-03-12,0,0,0,"east_of_england"
"6",2021-03-13,0,0,0,"east_of_england"
"7",2021-03-14,0,0,0,"east_of_england"
"8",2021-03-15,0,0,0,"east_of_england"
"9",2021-03-16,0,0,0,"east_of_england"
"10",2021-03-17,0,0,0,"east_of_england"
"11",2021-03-18,0,0,0,"east_of_england"
"12",2021-03-19,0,0,0,"east_of_england"
"13",2021-03-20,0,0,0,"east_of_england"
"14",2021-03-21,0,0,0,"east_of_england"
"15",2021-03-22,0,0,0,"east_of_england"
"16",2021-03-23,0,0,0,"east_of_england"
"17",2021-03-24,0,0,0,"east_of_england"
"18",2021-03-25,0,0,0,"east_of_england"
"19",2021-03-26,0,0,0,"east_of_england"
"20",2021-03-27,0,0,0,"east_of_england"
"21",2021-03-28,0,0,0,"east_of_england"
"22",2021-03-29,0,0,0,"east_of_england"
"23",2021-03-30,0,0,0,"east_of_england"
"24",2021-03-31,0,0,0,"east_of_england"
"25",2021-04-01,0,0,0,"east_of_england"
"26",2021-04-02,0,0,0,"east_of_england"
"27",2021-04-03,0,0,0,"east_of_england"
"28",2021-04-04,0,0,0,"east_of_england"
"29",2021-04-05,0.00322580645161299,0,0,"east_of_england"
"30",2021-04-06,0.00594844215460744,0,0.00367107195300697,"east_of_england"
"31",2021-04-07,0.0139009811797839,0,0.202429149797567,"east_of_england"
"32",2021-04-08,0.0290410890953476,0,0.462531328320797,"east_of_england"
"33",2021-04-09,0.0454943074253445,0,0.454900568181815,"east_of_england"
"34",2021-04-10,0.149996883657245,0,1.22324159021406,"east_of_england"
"35",2021-04-11,0.263534515051639,0,1.28669724770641,"east_of_england"
"36",2021-04-12,0.451779493748322,0,1.90677966101694,"east_of_england"
"37",2021-04-13,0.62724891334966,0,1.89473684210526,"east_of_england"
"38",2021-04-14,1.09314878648726,0,2.91777188328912,"east_of_england"
"39",2021-04-15,1.35109178536701,0,3.02462265440415,"east_of_england"
"40",2021-04-16,1.95712923039755,0.692800736475773,4.1994750656168,"east_of_england"
"41",2021-04-17,2.32319945842324,0.785340314136129,4.66859212548868,"east_of_england"
"42",2021-04-18,3.07419392564253,1.27551020408163,4.7304874536487,"east_of_england"
"43",2021-04-19,3.59815943878305,1.7512871853547,6.19469026548672,"east_of_england"
"44",2021-04-20,4.64727377234808,2.45742122312752,7.12347257743678,"east_of_england"
"45",2021-04-21,4.78252820961156,2.58620689655172,8.07980632373102,"east_of_england"
"46",2021-04-22,6.27046345583951,3.27272727272727,11.046511627907,"east_of_england"
"47",2021-04-23,7.94366934423727,5.01630434782608,10.9022556390977,"east_of_england"
"48",2021-04-24,8.72466065909001,4.88721804511278,12.6888217522659,"east_of_england"
"49",2021-04-25,10.7418157100364,7.11974110032363,14.2857142857143,"east_of_england"
"50",2021-04-26,10.1211972912233,6.58662937283328,14.2222222222222,"east_of_england"
"51",2021-04-27,12.8981681156556,9.1254752851711,17.5084175084175,"east_of_england"
"52",2021-04-28,14.5692235634534,11.1111111111111,18.75,"east_of_england"
"53",2021-04-29,15.8994239728417,12.2362869198312,20.4724409448819,"east_of_england"
"54",2021-04-30,19.3163686099184,14.7678929765886,24.1525423728814,"east_of_england"
"55",2021-05-01,21.1135025782654,14.4067796610169,26.0869565217391,"east_of_england"
"56",2021-05-02,24.7029725721785,19.2177277096964,30,"east_of_england"
"57",2021-05-03,25.2940694135114,20.5020920502092,30.8755760368664,"east_of_england"
"58",2021-05-04,28.8683501154785,22.1276595744681,35.9100877192982,"east_of_england"
"59",2021-05-05,30.4261435291284,24.4444444444444,36.0576923076923,"east_of_england"
"60",2021-05-06,33.3237948497648,27.7372262773723,39.8230088495575,"east_of_england"
"61",2021-05-07,36.3356867998712,28.7735849056604,44.8453608247423,"east_of_england"
"62",2021-05-08,39.3681092081788,32.2448979591837,46.4285714285714,"east_of_england"
"63",2021-05-09,40.2173622459699,34.112607980255,48.7437185929648,"east_of_england"
"64",2021-05-10,46.1270167902629,40.2654867256637,51.8987341772152,"east_of_england"
"65",2021-05-11,48.4770759814484,41.7670682730924,53.5065491612363,"east_of_england"
"66",2021-05-12,50.0952748926242,43.859649122807,56.1320754716981,"east_of_england"
"67",2021-05-13,53.1740890508803,46.9387755102041,60.6194690265487,"east_of_england"
"68",2021-05-14,54.03448083213,48.5671428571429,61.2551136363636,"east_of_england"
"69",2021-05-15,59.0128497096397,52.3489932885906,65.1376146788991,"east_of_england"
"70",2021-05-16,60.8231735901967,53.4907690565183,66.9090909090909,"east_of_england"
"71",2021-05-17,67.3639235447667,61.5873015873016,74.1463414634146,"east_of_england"
"72",2021-05-18,67.2845646596961,62.0408163265306,73.0201863354037,"east_of_england"
"73",2021-05-19,72.0939547721379,65.9090909090909,78.978912601626,"east_of_england"
"74",2021-05-20,67.599431923689,62.5951602014852,72.8813559322034,"east_of_england"
"75",2021-05-21,73.0949225463501,67.5669935533217,78.8194444444444,"east_of_england"
"76",2021-05-22,74.5422520540019,68.9007287985866,78.8321167883212,"east_of_england"
"77",2021-05-23,77.717596341954,71.563981042654,82.4607329842932,"east_of_england"
"78",2021-05-24,79.3726148202334,73.5973597359736,84.3843843843844,"east_of_england"
"79",2021-05-25,79.6359780567129,74.5018583384582,83.3333333333333,"east_of_england"
"80",2021-05-26,81.1106852518662,75,86.0058309037901,"east_of_england"
"81",2021-05-27,83.3690496865168,79.1304347826087,87.0870870870871,"east_of_england"
"82",2021-05-28,86.4463385875471,82.4137931034483,90.7643312101911,"east_of_england"
"83",2021-05-29,86.0404006545067,82.450084752444,89.6722310080244,"east_of_england"
"84",2021-05-30,89.044484711738,84.8679226475279,93.1034482758621,"east_of_england"
"85",2021-05-31,88.4759679569816,85.239852398524,91.4687323943662,"east_of_england"
"86",2021-06-01,89.6814337183001,85.8735856772845,92.5465838509317,"east_of_england"
"87",2021-06-02,91.5701011399253,88.1542699724518,94.3589743589744,"east_of_england"
"88",2021-06-03,91.9491565660496,88.525336956188,94.6587537091988,"east_of_england"
"89",2021-06-04,91.7478345006599,88.8311688311688,94.579945799458,"east_of_england"
"90",2021-06-05,91.7753602752731,88.9167581286871,94.2074063328366,"east_of_england"
"91",2021-06-06,92.1010267513135,89.5384615384615,94.1176470588235,"east_of_england"
"92",2021-06-07,93.7825282853677,91.3907284768212,95.8333333333333,"east_of_england"
"93",2021-06-08,95.470832763988,93.6102236421725,97.085201793722,"east_of_england"
"94",2021-06-09,94.6831365376535,92.0770877944325,96.4200477326969,"east_of_england"
"95",2021-06-10,95.8707830009931,94.212962962963,97.2972972972973,"east_of_england"
"96",2021-06-11,95.9842737466008,93.298969072165,97.6905311778291,"east_of_england"
"97",2021-06-12,96.3020045692714,94.7154471544715,97.7473090434156,"east_of_england"
"98",2021-06-13,96.4892992111669,94.4862155388471,98.5772357723577,"east_of_england"
"99",2021-06-14,96.7546439902747,95.7166392092257,97.9367844698855,"east_of_england"
"100",2021-06-15,97.6574329697676,95.9923664122137,98.7826086956522,"east_of_england"
"101",2021-06-16,97.5184735208361,96.1538461538462,98.7037037037037,"east_of_england"
"102",2021-06-17,98.0122730448015,96.6876971608833,99.0196078431373,"east_of_england"
"103",2021-06-18,97.9745490165318,96.8,98.991935483871,"east_of_england"
"104",2021-06-19,98.3899000226994,96.5891472868217,99.2927864214993,"east_of_england"
"105",2021-06-20,98.5875774430683,97.5476839237057,99.5664739884393,"east_of_england"
"106",2021-06-21,98.747065344498,98.0336972411566,99.4974874371859,"east_of_england"
"107",2021-06-22,98.838570219399,98.0132450331126,99.4575045207957,"east_of_england"
"108",2021-06-23,99.0235845995976,98.105548037889,99.8415213946117,"east_of_england"
"109",2021-06-24,98.9990619769665,98.3568075117371,99.5398773006135,"east_of_england"
"110",2021-06-25,99.2621197411385,98.4240687679083,99.7447850149,"east_of_england"
"111",2021-06-26,99.1070193260057,98.4356197352587,99.622641509434,"east_of_england"
"112",2021-06-27,99.3364511273933,98.7593052109181,99.8650706544108,"east_of_england"
"113",2021-06-28,99.2848176065278,98.703888334995,99.7677119628339,"east_of_england"
"114",2021-06-29,99.4508401040611,99.0857142857143,99.8087954110899,"east_of_england"
"115",2021-06-30,99.4888059604778,99.1304137583046,99.8415213946117,"east_of_england"
"116",2021-07-01,99.5323393407832,98.5955056179775,99.8505231689088,"east_of_england"
"117",2021-07-02,99.5878258695841,99.2105263157895,99.844840961986,"east_of_england"
"118",2021-07-03,99.6314822410152,99.2676973148902,99.8490566037736,"east_of_england"
"119",2021-07-04,99.7265046106424,99.4132439228835,100,"east_of_england"
"120",2021-07-05,99.7817342749681,99.3939393939394,100,"east_of_england"
"121",2021-07-06,99.7793533470044,99.4535519125683,99.9401555954518,"east_of_england"
"122",2021-07-07,99.7981350153485,99.5581520369891,100,"east_of_england"
"123",2021-07-08,99.8302568419757,99.6134732192159,100,"east_of_england"
"124",2021-07-09,99.8367236926138,99.6367410482615,99.9545247839927,"east_of_england"
"125",2021-07-10,99.857838378133,99.5287464655985,100,"east_of_england"
"126",2021-07-11,99.8724138920099,99.7214484679666,100,"east_of_england"
"127",2021-07-12,99.8906601197261,99.737876802097,100,"east_of_england"
"128",2021-07-13,99.8998907804823,99.7299382716049,100,"east_of_england"
"129",2021-07-14,99.9069183044568,99.7803002563164,100,"east_of_england"
"130",2021-07-15,99.8992264641939,99.7802932050343,99.9702203692674,"east_of_england"
"131",2021-07-16,99.9247841957303,99.8070119009328,100,"east_of_england"
"132",2021-07-17,99.9356170997627,99.6869129618034,100,"east_of_england"
"133",2021-07-18,99.93458819223,99.8137108792846,100,"east_of_england"
"134",2021-07-19,99.9521017002497,99.8618469037715,100,"east_of_england"
"135",2021-07-20,99.9460306935706,99.8403575989783,100,"east_of_england"
"136",2021-07-21,99.9592613830852,99.8331108144192,100,"east_of_england"
"137",2021-07-22,99.9649549704245,99.8950314905528,100,"east_of_england"
"138",2021-07-23,99.9733557542517,99.8772001637331,100,"east_of_england"
"139",2021-07-24,99.9712733344053,99.8361998361998,100,"east_of_england"
"140",2021-07-25,99.9818008390187,99.9168053244592,100,"east_of_england"
"141",2021-07-26,99.9777095820557,99.8823529411765,100,"east_of_england"
"142",2021-07-27,99.9811509241671,99.9094757823703,100,"east_of_england"
"143",2021-07-28,99.9805486896384,99.8779991866612,100,"east_of_england"
"144",2021-07-29,99.9844891185777,99.907063197026,100,"east_of_england"
"145",2021-07-30,99.9827712335049,99.9074074074074,100,"east_of_england"
"146",2021-07-31,99.9878748979949,99.9080459770115,100,"east_of_england"
"147",2021-03-08,0,0,0,"midlands"
"148",2021-03-09,0,0,0,"midlands"
"149",2021-03-10,0,0,0,"midlands"
"150",2021-03-11,0,0,0,"midlands"
"151",2021-03-12,0,0,0,"midlands"
"152",2021-03-13,0,0,0,"midlands"
"153",2021-03-14,0,0,0,"midlands"
"154",2021-03-15,0,0,0,"midlands"
"155",2021-03-16,0,0,0,"midlands"
"156",2021-03-17,0,0,0,"midlands"
"157",2021-03-18,0,0,0,"midlands"
"158",2021-03-19,0,0,0,"midlands"
"159",2021-03-20,0,0,0,"midlands"
"160",2021-03-21,0,0,0,"midlands"
"161",2021-03-22,0,0,0,"midlands"
"162",2021-03-23,0,0,0,"midlands"
"163",2021-03-24,0,0,0,"midlands"
"164",2021-03-25,0,0,0,"midlands"
"165",2021-03-26,0,0,0,"midlands"
"166",2021-03-27,0,0,0,"midlands"
"167",2021-03-28,0,0,0,"midlands"
"168",2021-03-29,0,0,0,"midlands"
"169",2021-03-30,0,0,0,"midlands"
"170",2021-03-31,0,0,0,"midlands"
"171",2021-04-01,0,0,0,"midlands"
"172",2021-04-02,0,0,0,"midlands"
"173",2021-04-03,0,0,0,"midlands"
"174",2021-04-04,0.000200393361029161,0,0,"midlands"
"175",2021-04-05,0.00428678162039235,0,0.0934472149515541,"midlands"
"176",2021-04-06,0.093107330978391,0,0.527704485488123,"midlands"
"177",2021-04-07,0.0917133919269635,0,0.524109014675056,"midlands"
"178",2021-04-08,0.156408501743231,0,0.695134061569014,"midlands"
"179",2021-04-09,0.266409503589179,0,0.876095118898623,"midlands"
"180",2021-04-10,0.388032551416555,0,1.19825708061002,"midlands"
"181",2021-04-11,0.540725667281479,0,1.52008686210641,"midlands"
"182",2021-04-12,0.708160380870857,0,1.70575692963753,"midlands"
"183",2021-04-13,0.881388950786352,0,2.14190093708166,"midlands"
"184",2021-04-14,1.20203701536172,0,2.37837837837838,"midlands"
"185",2021-04-15,1.88768303870101,0.632911392405067,3.28436082601564,"midlands"
"186",2021-04-16,1.97519020007024,0.524246395806027,3.43642611683849,"midlands"
"187",2021-04-17,2.84410727777815,1.51912281830673,4.49641979333868,"midlands"
"188",2021-04-18,2.69254515847558,0.962861072902343,4.32634365788723,"midlands"
"189",2021-04-19,3.43479670747873,1.71544016424288,5.3763440860215,"midlands"
"190",2021-04-20,4.48310527273529,2.68096514745308,6.71111332624491,"midlands"
"191",2021-04-21,5.12227832914407,2.92479108635098,7.31382978723404,"midlands"
"192",2021-04-22,5.42357826767711,2.73775216138329,7.52823086574655,"midlands"
"193",2021-04-23,6.65073413708521,3.86568888690267,9.24050632911393,"midlands"
"194",2021-04-24,7.36545088673603,4.71428571428572,9.7788186606471,"midlands"
"195",2021-04-25,8.30759451849169,5.19685039370079,11.1940298507463,"midlands"
"196",2021-04-26,9.27680972775882,5.92948717948718,12.1820615796519,"midlands"
"197",2021-04-27,10.344048357059,7.17185385656293,13.7085117121938,"midlands"
"198",2021-04-28,12.2356650093354,8.60058309037901,15.63859311072,"midlands"
"199",2021-04-29,12.7211716349351,8.20512820512821,15.8539186909989,"midlands"
"200",2021-04-30,14.5261371697554,10.4651162790698,18.3862433862434,"midlands"
"201",2021-05-01,16.5021495325688,12.4207858048162,19.6497493734336,"midlands"
"202",2021-05-02,18.4374974019441,14.3097573068455,22.2067039106145,"midlands"
"203",2021-05-03,19.7242316811579,16.3690476190476,23.6306729264476,"midlands"
"204",2021-05-04,20.6672237416977,15.9879336349925,25.2032520325203,"midlands"
"205",2021-05-05,23.0107768753766,17.5891758917589,26.7403402440752,"midlands"
"206",2021-05-06,25.5545323354713,21.4180206794682,30.6629834254144,"midlands"
"207",2021-05-07,27.3379844220001,22.8373702422145,31.5642458100559,"midlands"
"208",2021-05-08,28.5867014451787,23.2116788321168,33.0469435307017,"midlands"
"209",2021-05-09,31.1557140966741,27.3743016759777,36.4275668073136,"midlands"
"210",2021-05-10,35.588553341792,31.25,39.6433470507545,"midlands"
"211",2021-05-11,36.7551180262858,32.4929971988796,41.3297472942882,"midlands"
"212",2021-05-12,38.6871068997831,34.5911949685535,42.4635332252836,"midlands"
"213",2021-05-13,41.8182966394364,37.3720136518771,46.8189233278956,"midlands"
"214",2021-05-14,44.3262325487408,39.1653225806452,49.7409765026082,"midlands"
"215",2021-05-15,47.2633295740438,41.6413373860182,51.931330472103,"midlands"
"216",2021-05-16,49.8106715133642,45.0724637681159,55.1622418879056,"midlands"
"217",2021-05-17,51.8641061224623,47.2919418758256,56.0975609756098,"midlands"
"218",2021-05-18,55.094124724359,51.2855209742896,60.3997854460933,"midlands"
"219",2021-05-19,58.9758963437251,55.0457223622369,63.2058287795993,"midlands"
"220",2021-05-20,61.1898625597472,55.663430420712,65.527950310559,"midlands"
"221",2021-05-21,63.5966056845207,59.1735537190083,67.6678445229682,"midlands"
"222",2021-05-22,66.5849952071915,61.0350076103501,70.8703374777975,"midlands"
"223",2021-05-23,68.3598803182058,64.1509433962264,73.1221235567046,"midlands"
"224",2021-05-24,71.2772247906419,67.2752808988764,75.6338028169014,"midlands"
"225",2021-05-25,72.9488236316431,69.7274031563845,76.221928665786,"midlands"
"226",2021-05-26,75.2279380250771,71.6645489199492,79.0760869565217,"midlands"
"227",2021-05-27,77.5678567880301,74.0136054421769,80.8336096759982,"midlands"
"228",2021-05-28,79.2037716927696,76.0197775030902,82.3613086770982,"midlands"
"229",2021-05-29,81.7701850258962,77.6566757493188,84.9740932642487,"midlands"
"230",2021-05-30,82.4165222108486,78.8697788697789,85.3658536585366,"midlands"
"231",2021-05-31,83.9995368355053,81.4765100671141,86.7486338797814,"midlands"
"232",2021-06-01,86.0946961379815,83.7981407702523,88.548135293825,"midlands"
"233",2021-06-02,87.6650654418528,85.0170261066969,89.8817345597897,"midlands"
"234",2021-06-03,88.3471210841951,85.9737638748739,90.3409361862733,"midlands"
"235",2021-06-04,89.3108125990274,87.9102192134107,91.0189529617241,"midlands"
"236",2021-06-05,90.1329631458779,88.1818181818182,92.1951219512195,"midlands"
"237",2021-06-06,91.6524892414473,89.591439688716,93.312434691745,"midlands"
"238",2021-06-07,92.099351044143,90.3385631709331,93.8461538461538,"midlands"
"239",2021-06-08,93.1117182378509,91.6450386026091,94.6271050521251,"midlands"
"240",2021-06-09,93.7503474893909,92.2800397219464,95.1222115765137,"midlands"
"241",2021-06-10,94.397181830885,92.8400236814799,95.7641196013289,"midlands"
"242",2021-06-11,95.0003299793097,93.7496701266713,96.1825726141079,"midlands"
"243",2021-06-12,95.5790659395353,94.3910256410256,96.8159833924144,"midlands"
"244",2021-06-13,96.0055767449999,94.6745562130178,97.1557334033062,"midlands"
"245",2021-06-14,96.3058030884468,95.198989260897,97.179771856496,"midlands"
"246",2021-06-15,97.0146183105767,95.9697920588202,97.930614729154,"midlands"
"247",2021-06-16,97.1337801921108,96.3248369887374,97.9522184300341,"midlands"
"248",2021-06-17,97.4952679372772,96.6931216931217,98.221695317131,"midlands"
"249",2021-06-18,97.5754447900648,96.7659494939892,98.1908872296765,"midlands"
"250",2021-06-19,97.9771390615175,97.0914859862507,98.6087320405993,"midlands"
"251",2021-06-20,98.093218763883,97.262180974478,98.6855941114616,"midlands"
"252",2021-06-21,98.1722730869664,96.964586846543,98.7679671457906,"midlands"
"253",2021-06-22,98.5553072659442,98.1321503383822,99.0861618798956,"midlands"
"254",2021-06-23,98.5504995150142,98.0089394555059,99.0738198511004,"midlands"
"255",2021-06-24,98.6295066779966,98.0047505938242,99.0639625585023,"midlands"
"256",2021-06-25,98.8317700865667,98.3924004384362,99.2381317846221,"midlands"
"257",2021-06-26,98.9402055420865,98.4939759036145,99.2712818814177,"midlands"
"258",2021-06-27,99.0070224670813,98.6115493846639,99.3268754743817,"midlands"
"259",2021-06-28,99.0329443037545,98.4575835475578,99.4088087496305,"midlands"
"260",2021-06-29,99.1785252414144,98.826895565093,99.4748223663886,"midlands"
"261",2021-06-30,99.2066822731074,98.9070547702258,99.5137299771167,"midlands"
"262",2021-07-01,99.3551403417789,99.0312438899752,99.6163332419841,"midlands"
"263",2021-07-02,99.4034877755328,99.0789146128952,99.663735126746,"midlands"
"264",2021-07-03,99.4637194653483,99.1923641703377,99.6880998080614,"midlands"
"265",2021-07-04,99.5116392146083,99.2888888888889,99.7233400402415,"midlands"
"266",2021-07-05,99.5186886666565,99.3140989556424,99.7175141242938,"midlands"
"267",2021-07-06,99.592016987579,99.3517963784667,99.7901364113326,"midlands"
"268",2021-07-07,99.647243865768,99.4232749742533,99.8070242791339,"midlands"
"269",2021-07-08,99.6849249014342,99.4365743721829,99.848828420257,"midlands"
"270",2021-07-09,99.7130788362623,99.5605200512727,99.8583569405099,"midlands"
"271",2021-07-10,99.721541442358,99.563567278921,99.8502433545489,"midlands"
"272",2021-07-11,99.7710264554984,99.6171597977709,99.8812752444971,"midlands"
"273",2021-07-12,99.7755466431128,99.6042216358839,99.8906420871739,"midlands"
"274",2021-07-13,99.8119244275214,99.6995188053241,99.9143468950749,"midlands"
"275",2021-07-14,99.8356118227891,99.705663023012,99.9237998475997,"midlands"
"276",2021-07-15,99.831845973209,99.7221854742691,99.9113159738616,"midlands"
"277",2021-07-16,99.8643328843739,99.7542997542998,99.9461108025484,"midlands"
"278",2021-07-17,99.8696345436468,99.7373358348968,99.9584545076859,"midlands"
"279",2021-07-18,99.8925226584753,99.7985378762117,99.9638423526576,"midlands"
"280",2021-07-19,99.8988417032253,99.8084553290464,99.97227228615,"midlands"
"281",2021-07-20,99.9092554731915,99.8254330602927,99.9721487258042,"midlands"
"282",2021-07-21,99.9215713458352,99.8494429388738,99.9852485617348,"midlands"
"283",2021-07-22,99.9236099893685,99.8376284564184,99.9861935662018,"midlands"
"284",2021-07-23,99.9301610410078,99.838187592777,100,"midlands"
"285",2021-07-24,99.934517224197,99.8330477010985,99.9848093574358,"midlands"
"286",2021-07-25,99.9310048976075,99.8560892246807,99.981311904317,"midlands"
"287",2021-07-26,99.9530702114559,99.8741870137586,100,"midlands"
"288",2021-07-27,99.9536403354543,99.8834955407638,100,"midlands"
"289",2021-07-28,99.9611671013842,99.9022673964034,100,"midlands"
"290",2021-07-29,99.958588849453,99.8816801419838,100,"midlands"
"291",2021-07-30,99.9647318475875,99.9032009861115,100,"midlands"
"292",2021-07-31,99.968421307028,99.8744664825508,100,"midlands"
"293",2021-03-08,0,0,0,"london"
"294",2021-03-09,0,0,0,"london"
"295",2021-03-10,0,0,0,"london"
"296",2021-03-11,0,0,0,"london"
"297",2021-03-12,0,0,0,"london"
"298",2021-03-13,0,0,0,"london"
"299",2021-03-14,0,0,0,"london"
"300",2021-03-15,0,0,0,"london"
"301",2021-03-16,0,0,0,"london"
"302",2021-03-17,0,0,0,"london"
"303",2021-03-18,0,0,0,"london"
"304",2021-03-19,0,0,0,"london"
"305",2021-03-20,0,0,0,"london"
"306",2021-03-21,0,0,0,"london"
"307",2021-03-22,0,0,0,"london"
"308",2021-03-23,0,0,0,"london"
"309",2021-03-24,0,0,0,"london"
"310",2021-03-25,0,0,0,"london"
"311",2021-03-26,0.000127064803049559,0,0,"london"
"312",2021-03-27,0.00580742299379942,0,0,"london"
"313",2021-03-28,0.00977271216779518,0,0.138121546961323,"london"
"314",2021-03-29,0.0346449123934932,0,0.394389418651224,"london"
"315",2021-03-30,0.136778111217323,0,0.689655172413794,"london"
"316",2021-03-31,0.254254856367868,0,1.03456102687956,"london"
"317",2021-04-01,0.403250085585526,0,1.13207547169811,"london"
"318",2021-04-02,0.562805413527945,0,1.60776742736434,"london"
"319",2021-04-03,0.802353599492327,0.120772946859904,2.10396039603961,"london"
"320",2021-04-04,1.0419582502514,0.332594235033257,1.99600798403193,"london"
"321",2021-04-05,1.44001408779509,0.467289719626163,2.67857142857143,"london"
"322",2021-04-06,1.86606422637159,0.842992623814542,3.16622691292876,"london"
"323",2021-04-07,2.13161783142079,0.996677740863783,3.69518842419798,"london"
"324",2021-04-08,2.46132236135448,1.3978494623656,4.40806045340051,"london"
"325",2021-04-09,3.05886186539266,1.60891089108911,4.59893048128342,"london"
"326",2021-04-10,3.24194733240487,1.64512338425382,5.38990825688074,"london"
"327",2021-04-11,3.98063094584035,2.40639381985535,5.9314403280449,"london"
"328",2021-04-12,4.55115705257663,2.67857142857143,6.81453748844058,"london"
"329",2021-04-13,5.02785909486134,2.98507462686567,7.0615034168565,"london"
"330",2021-04-14,6.15706450754114,4.13563186121706,8.82070949185043,"london"
"331",2021-04-15,7.45605908744651,5.32048167493016,10.2298686321701,"london"
"332",2021-04-16,7.79755063555979,5.42975945801933,10.3988603988604,"london"
"333",2021-04-17,8.54947760162182,5.92485549132948,11.40642303433,"london"
"334",2021-04-18,9.67360770379954,6.83446851677415,12.7371859904774,"london"
"335",2021-04-19,11.1832803163299,7.93650793650794,14.5736434108527,"london"
"336",2021-04-20,12.2184700361291,9.21658986175116,15.603533931706,"london"
"337",2021-04-21,12.6946938963557,9.02777777777778,15.9454545454545,"london"
"338",2021-04-22,14.8914222321861,11.5853658536585,19.0520282186949,"london"
"339",2021-04-23,16.4177987998467,12.4295926361144,20.6106870229008,"london"
"340",2021-04-24,17.783064039502,14.1031515511292,22.000704232009,"london"
"341",2021-04-25,18.3882212271258,14.3647203947368,23.0337368965008,"london"
"342",2021-04-26,21.3979057884415,17.1929824561403,25.9067357512953,"london"
"343",2021-04-27,22.2011504049282,18.1818181818182,26.7025089605735,"london"
"344",2021-04-28,23.5727842852662,18.8311688311688,28.0376091397169,"london"
"345",2021-04-29,25.968044841875,21.8818380743983,30.9513953330466,"london"
"346",2021-04-30,29.8002983364801,24.996546961326,34.2165096765897,"london"
"347",2021-05-01,30.8733592474271,25.3658536585366,35.4527938342967,"london"
"348",2021-05-02,32.7988385931132,28.6324786324786,37.7495462794918,"london"
"349",2021-05-03,34.2185165406547,28.2258064516129,38.9978213507625,"london"
"350",2021-05-04,37.8705821103397,33.8390429501289,42.8256070640177,"london"
"351",2021-05-05,39.5770175748862,34.3891402714932,44.1729323308271,"london"
"352",2021-05-06,40.9503282703302,35.7289527720739,46.5028355387524,"london"
"353",2021-05-07,44.9021643594932,40.1084010840108,50.7009345794392,"london"
"354",2021-05-08,46.3346505158124,41.7515274949083,51.3784461152882,"london"
"355",2021-05-09,49.5039549068175,44.9045603699008,54.1095890410959,"london"
"356",2021-05-10,52.2959270831969,47.7207762942933,56.8359375,"london"
"357",2021-05-11,55.0102559156433,50.377358490566,60.2409638554217,"london"
"358",2021-05-12,56.8161760536481,51.4269038354641,60.8557844690967,"london"
"359",2021-05-13,60.4725612467111,54.8109965635739,64.6045508351252,"london"
"360",2021-05-14,61.4225234284185,56.5934065934066,65.1439496863026,"london"
"361",2021-05-15,64.255350428027,59.1943957968476,68.642662117726,"london"
"362",2021-05-16,66.4584377536892,61.0051993067591,70.9450633400213,"london"
"363",2021-05-17,68.4423293623444,64.2019704433498,73.257698541329,"london"
"364",2021-05-18,71.0708255154596,66.5217391304348,74.9525616698292,"london"
"365",2021-05-19,72.9885208996604,68.4210526315789,76.8560389539429,"london"
"366",2021-05-20,74.855142021084,70.7663731890396,78.7581699346405,"london"
"367",2021-05-21,75.7496841010424,72.1361936430023,79.1666666666667,"london"
"368",2021-05-22,78.3496858354685,75,82.0779220779221,"london"
"369",2021-05-23,79.9117069378636,76.3452927270199,83.2544205599376,"london"
"370",2021-05-24,81.2232010411936,77.9795686719637,84.2616788995061,"london"
"371",2021-05-25,82.8988732307309,80.3407601572739,85.1711026615969,"london"
"372",2021-05-26,84.8792897817213,82.5301204819277,87.6226716060794,"london"
"373",2021-05-27,86.3720669873729,83.48271446863,88.4353741496599,"london"
"374",2021-05-28,87.0481485846556,84.904768276908,88.9804325437693,"london"
"375",2021-05-29,88.7527470928832,86.5280522320034,90.9883720930233,"london"
"376",2021-05-30,89.302294055349,86.4583333333333,91.5229742516282,"london"
"377",2021-05-31,90.4259210606856,88.0880880880881,92.2839506172839,"london"
"378",2021-06-01,91.0446862307811,88.9479919757921,92.8461261784869,"london"
"379",2021-06-02,92.048421216779,90.2014652014652,93.4587080948487,"london"
"380",2021-06-03,92.8978642360761,91.5087433660913,94.5238095238095,"london"
"381",2021-06-04,93.0774818448635,91.8563922942207,94.2547606793618,"london"
"382",2021-06-05,93.8687962924635,92.6362895208544,95.2707856598017,"london"
"383",2021-06-06,94.4960945868266,93.0138099106418,95.6198960653304,"london"
"384",2021-06-07,94.8773651439598,93.8050200664409,95.9087332808812,"london"
"385",2021-06-08,95.6969887265053,94.609375,96.8236603169728,"london"
"386",2021-06-09,96.1113282313252,94.9634443541836,97.3132372214941,"london"
"387",2021-06-10,96.3528647984936,95.3658371614576,97.4271725169729,"london"
"388",2021-06-11,96.9303617727628,95.5629139072848,97.6897689768977,"london"
"389",2021-06-12,97.0172730851528,96.0103990819719,97.9426891991183,"london"
"390",2021-06-13,97.157666756063,96.2105263157895,98.014888337469,"london"
"391",2021-06-14,97.5564718007762,96.7349230639252,98.24087092757,"london"
"392",2021-06-15,97.8528564440809,97.0352069178505,98.4930681133213,"london"
"393",2021-06-16,98.1239683426281,97.4681276543108,98.6353074971569,"london"
"394",2021-06-17,98.2786240743226,97.6969604330675,98.9327641408751,"london"
"395",2021-06-18,98.4106685614584,97.5466666666667,98.9400956466403,"london"
"396",2021-06-19,98.5962140963754,98.0803839232154,99.0724637681159,"london"
"397",2021-06-20,98.5864747945475,97.7480219111382,99.0851154531354,"london"
"398",2021-06-21,98.798936349191,98.2730899648309,99.208025343189,"london"
"399",2021-06-22,98.963160249222,98.4192037470726,99.3942731277533,"london"
"400",2021-06-23,98.9337419387561,98.393144081414,99.3096123207647,"london"
"401",2021-06-24,99.0643381958817,98.6236103758603,99.4163424124514,"london"
"402",2021-06-25,99.2859984124651,98.7683284457478,99.7119815668203,"london"
"403",2021-06-26,99.1992345532773,98.8132911392405,99.6153846153846,"london"
"404",2021-06-27,99.2973477321698,98.9010989010989,99.6198375960121,"london"
"405",2021-06-28,99.4241980214135,99.0131578947368,99.7314715359828,"london"
"406",2021-06-29,99.4126389028597,98.9963021658743,99.6730323114701,"london"
"407",2021-06-30,99.4459259330968,99.1745769706975,99.7329773030708,"london"
"408",2021-07-01,99.617117902315,99.3343110468338,99.8217301200805,"london"
"409",2021-07-02,99.5387833141361,99.2510127726126,99.7815640017475,"london"
"410",2021-07-03,99.5848542706342,99.3050780446021,99.8463901689708,"london"
"411",2021-07-04,99.68621068053,99.4395142456796,99.8669328010645,"london"
"412",2021-07-05,99.7046743074072,99.4328922495274,99.8970930010498,"london"
"413",2021-07-06,99.7210712027699,99.4498518831993,99.885801294252,"london"
"414",2021-07-07,99.7492748426352,99.5326392047804,99.893730074389,"london"
"415",2021-07-08,99.7843353985128,99.5997536945813,99.9352331606218,"london"
"416",2021-07-09,99.7877962287992,99.6206733048838,99.9230380510796,"london"
"417",2021-07-10,99.8148286026924,99.6518105849582,99.9320344358858,"london"
"418",2021-07-11,99.8359425622068,99.6561650578321,99.955035971223,"london"
"419",2021-07-12,99.8477968865334,99.721269296741,99.9580008399832,"london"
"420",2021-07-13,99.8189519754964,99.6850889797766,99.9141778235496,"london"
"421",2021-07-14,99.841295898766,99.7176850171406,99.9301432064268,"london"
"422",2021-07-15,99.8915961243883,99.7937080969572,99.9664879356568,"london"
"423",2021-07-16,99.8793415162428,99.7647796769641,99.9703308114523,"london"
"424",2021-07-17,99.9026641215104,99.8105761641673,99.9846508058327,"london"
"425",2021-07-18,99.905884930324,99.8095543742712,99.971035246974,"london"
"426",2021-07-19,99.9149271860261,99.8222222222222,99.9823078450122,"london"
"427",2021-07-20,99.9240473432538,99.8505008222455,99.9842470069313,"london"
"428",2021-07-21,99.9282963751165,99.8389953308646,99.9836734693878,"london"
"429",2021-07-22,99.917362913528,99.8239746523499,99.9826102777757,"london"
"430",2021-07-23,99.9351622514143,99.8237022526934,99.985067940869,"london"
"431",2021-07-24,99.9472336915196,99.8655010087424,100,"london"
"432",2021-07-25,99.925693379626,99.8551024632581,99.9691239181331,"london"
"433",2021-07-26,99.9355103708299,99.8639455782313,99.9823602046216,"london"
"434",2021-07-27,99.9583543892929,99.870322341608,100,"london"
"435",2021-07-28,99.9608264801612,99.9016715830875,100,"london"
"436",2021-07-29,99.9630005890341,99.8842018196857,100,"london"
"437",2021-07-30,99.9653537902705,99.9073387694588,100,"london"
"438",2021-07-31,99.9660545122764,99.8826291079812,100,"london"
"439",2021-03-08,0,0,0,"north_east_and_yorkshire"
"440",2021-03-09,0,0,0,"north_east_and_yorkshire"
"441",2021-03-10,0,0,0,"north_east_and_yorkshire"
"442",2021-03-11,0,0,0,"north_east_and_yorkshire"
"443",2021-03-12,0,0,0,"north_east_and_yorkshire"
"444",2021-03-13,0,0,0,"north_east_and_yorkshire"
"445",2021-03-14,0,0,0,"north_east_and_yorkshire"
"446",2021-03-15,0,0,0,"north_east_and_yorkshire"
"447",2021-03-16,0,0,0,"north_east_and_yorkshire"
"448",2021-03-17,0,0,0,"north_east_and_yorkshire"
"449",2021-03-18,0,0,0,"north_east_and_yorkshire"
"450",2021-03-19,0,0,0,"north_east_and_yorkshire"
"451",2021-03-20,0,0,0,"north_east_and_yorkshire"
"452",2021-03-21,0,0,0,"north_east_and_yorkshire"
"453",2021-03-22,0,0,0,"north_east_and_yorkshire"
"454",2021-03-23,0,0,0,"north_east_and_yorkshire"
"455",2021-03-24,0,0,0,"north_east_and_yorkshire"
"456",2021-03-25,0,0,0,"north_east_and_yorkshire"
"457",2021-03-26,0,0,0,"north_east_and_yorkshire"
"458",2021-03-27,0,0,0,"north_east_and_yorkshire"
"459",2021-03-28,0,0,0,"north_east_and_yorkshire"
"460",2021-03-29,0,0,0,"north_east_and_yorkshire"
"461",2021-03-30,0,0,0,"north_east_and_yorkshire"
"462",2021-03-31,0,0,0,"north_east_and_yorkshire"
"463",2021-04-01,0,0,0,"north_east_and_yorkshire"
"464",2021-04-02,0,0,0,"north_east_and_yorkshire"
"465",2021-04-03,0,0,0,"north_east_and_yorkshire"
"466",2021-04-04,0,0,0,"north_east_and_yorkshire"
"467",2021-04-05,0,0,0,"north_east_and_yorkshire"
"468",2021-04-06,0,0,0,"north_east_and_yorkshire"
"469",2021-04-07,0,0,0,"north_east_and_yorkshire"
"470",2021-04-08,0,0,0,"north_east_and_yorkshire"
"471",2021-04-09,0,0,0,"north_east_and_yorkshire"
"472",2021-04-10,0,0,0,"north_east_and_yorkshire"
"473",2021-04-11,0,0,0,"north_east_and_yorkshire"
"474",2021-04-12,0,0,0,"north_east_and_yorkshire"
"475",2021-04-13,0,0,0,"north_east_and_yorkshire"
"476",2021-04-14,0,0,0,"north_east_and_yorkshire"
"477",2021-04-15,0,0,0,"north_east_and_yorkshire"
"478",2021-04-16,0.00157278161856857,0,0,"north_east_and_yorkshire"
"479",2021-04-17,0.0113628740030806,0,0.187265917602997,"north_east_and_yorkshire"
"480",2021-04-18,0.0387093025119255,0,0.414078674948237,"north_east_and_yorkshire"
"481",2021-04-19,0.268215059076778,0.100100100100098,0.731282292707223,"north_east_and_yorkshire"
"482",2021-04-20,0.394599976577816,0.111856823266221,0.831353919239908,"north_east_and_yorkshire"
"483",2021-04-21,0.511171201998553,0.21786492374728,1.00267530179921,"north_east_and_yorkshire"
"484",2021-04-22,0.72667536801657,0.260629233122133,1.32890365448505,"north_east_and_yorkshire"
"485",2021-04-23,0.804315602139404,0.258732212160417,1.50955075299923,"north_east_and_yorkshire"
"486",2021-04-24,1.32916316711583,0.654735242618363,2.18682672371402,"north_east_and_yorkshire"
"487",2021-04-25,1.53419274432519,0.872093023255816,2.60663507109005,"north_east_and_yorkshire"
"488",2021-04-26,1.96215837594116,1.13250283125708,2.96333057623381,"north_east_and_yorkshire"
"489",2021-04-27,2.11732885806884,1.1015911872705,3.48557808917362,"north_east_and_yorkshire"
"490",2021-04-28,2.85411875404953,1.79425837320574,4.09137608966376,"north_east_and_yorkshire"
"491",2021-04-29,3.16432566150753,1.94730813287515,4.63216228641484,"north_east_and_yorkshire"
"492",2021-04-30,4.17118925308193,2.71966527196653,5.79710144927537,"north_east_and_yorkshire"
"493",2021-05-01,4.71318619183226,3.17679558011049,6.50969529085873,"north_east_and_yorkshire"
"494",2021-05-02,5.65558687748933,3.75586854460094,8.01689301398679,"north_east_and_yorkshire"
"495",2021-05-03,6.18127444416095,4.03022670025189,8.28967366134619,"north_east_and_yorkshire"
"496",2021-05-04,7.12271957136757,5.4945054945055,9.04255319148937,"north_east_and_yorkshire"
"497",2021-05-05,8.12515772741979,6.10599078341014,10.9872611464968,"north_east_and_yorkshire"
"498",2021-05-06,10.0395331584665,7.3045267489712,12.8983308042489,"north_east_and_yorkshire"
"499",2021-05-07,10.5416320232593,8.24615514618895,13.6283185840708,"north_east_and_yorkshire"
"500",2021-05-08,12.6877534626759,9.24702774108322,16.504854368932,"north_east_and_yorkshire"
"501",2021-05-09,14.6392235488555,11.8421052631579,18.0005169867061,"north_east_and_yorkshire"
"502",2021-05-10,15.7321593592561,12.5,19.9685534591195,"north_east_and_yorkshire"
"503",2021-05-11,17.7070940096874,14.3061516452074,21.7753120665742,"north_east_and_yorkshire"
"504",2021-05-12,20.7902928880981,16.8437025796662,25.521210248475,"north_east_and_yorkshire"
"505",2021-05-13,22.7713111551625,18.8899655505965,27.3425499231951,"north_east_and_yorkshire"
"506",2021-05-14,24.5892115411792,21.2669683257919,29.7169811320755,"north_east_and_yorkshire"
"507",2021-05-15,28.2191045665159,23.5609103078983,33.3969465648855,"north_east_and_yorkshire"
"508",2021-05-16,30.0464928950046,26.020602173728,34.4116763946571,"north_east_and_yorkshire"
"509",2021-05-17,33.8514881676467,29.9474605954466,38.6313748797192,"north_east_and_yorkshire"
"510",2021-05-18,35.6457971289881,31.1216429699842,40.4761904761905,"north_east_and_yorkshire"
"511",2021-05-19,40.4288899631482,36.0281195079086,44.8398067630145,"north_east_and_yorkshire"
"512",2021-05-20,45.7188299996404,40.695652173913,50.5564387917329,"north_east_and_yorkshire"
"513",2021-05-21,47.311724320998,42.7259601383141,51.745317781493,"north_east_and_yorkshire"
"514",2021-05-22,51.8443332233261,46.6772151898734,56.4516129032258,"north_east_and_yorkshire"
"515",2021-05-23,56.0305940057481,50.5434782608696,61.7471042471042,"north_east_and_yorkshire"
"516",2021-05-24,58.8868688347088,54.4885177453027,64.1109298531811,"north_east_and_yorkshire"
"517",2021-05-25,62.4754920813596,57.7391304347826,66.4676468714158,"north_east_and_yorkshire"
"518",2021-05-26,63.9417063200444,58.1981981981982,68.0882352941177,"north_east_and_yorkshire"
"519",2021-05-27,67.7591608611753,63.4895937562538,73.1466227347611,"north_east_and_yorkshire"
"520",2021-05-28,68.6837945274919,64.7279549718574,72.8813559322034,"north_east_and_yorkshire"
"521",2021-05-29,71.7720062151723,67.8237650200267,75.5649717514124,"north_east_and_yorkshire"
"522",2021-05-30,75.969995303606,72.3549488054608,78.7985865724382,"north_east_and_yorkshire"
"523",2021-05-31,76.7158599817852,72.845953002611,79.5180722891566,"north_east_and_yorkshire"
"524",2021-06-01,80.3150049352176,77.598385469223,83.1081081081081,"north_east_and_yorkshire"
"525",2021-06-02,84.1132521571076,81.2581913499345,86.6448776895722,"north_east_and_yorkshire"
"526",2021-06-03,85.475434786337,81.7204301075269,88.0093131548312,"north_east_and_yorkshire"
"527",2021-06-04,85.7711217282619,83.3902161547213,88.0245649948823,"north_east_and_yorkshire"
"528",2021-06-05,88.2760835916002,86.018111546597,90.4395604395604,"north_east_and_yorkshire"
"529",2021-06-06,90.0754805332649,87.5266524520256,92.2149122807018,"north_east_and_yorkshire"
"530",2021-06-07,91.5161400116334,89.3117408906883,93.4968017057569,"north_east_and_yorkshire"
"531",2021-06-08,92.0644316649038,90.4238618524333,93.586436419953,"north_east_and_yorkshire"
"532",2021-06-09,93.7083143823531,92.1077959576516,95.0360288230584,"north_east_and_yorkshire"
"533",2021-06-10,94.8009764521157,93.3828542698779,96.0342146189736,"north_east_and_yorkshire"
"534",2021-06-11,95.1154902707457,93.7896965419901,96.4630225080386,"north_east_and_yorkshire"
"535",2021-06-12,95.187692037585,94.1268598277212,96.2862930452397,"north_east_and_yorkshire"
"536",2021-06-13,96.3039887137848,95.1847704367301,97.3562458691342,"north_east_and_yorkshire"
"537",2021-06-14,97.1878068428585,96.3527851458886,97.9097300901094,"north_east_and_yorkshire"
"538",2021-06-15,97.3448952251956,96.2665406427221,98.0641592920354,"north_east_and_yorkshire"
"539",2021-06-16,97.8714807940186,97.2119936875329,98.4982208792064,"north_east_and_yorkshire"
"540",2021-06-17,98.1381207858022,97.410118037028,98.9053092501368,"north_east_and_yorkshire"
"541",2021-06-18,98.3361695335588,97.7357777672164,98.8222698072805,"north_east_and_yorkshire"
"542",2021-06-19,98.2955345523419,97.6599063962558,98.7689393939394,"north_east_and_yorkshire"
"543",2021-06-20,98.4126404795489,97.8649237472767,98.8382484361037,"north_east_and_yorkshire"
"544",2021-06-21,98.7778763731242,98.3583653510304,99.2214532871972,"north_east_and_yorkshire"
"545",2021-06-22,98.9750915840248,98.6089644513138,99.3187974528097,"north_east_and_yorkshire"
"546",2021-06-23,99.1140011714153,98.7281212948141,99.4558880684026,"north_east_and_yorkshire"
"547",2021-06-24,99.2110581423773,98.8740277356179,99.5937711577522,"north_east_and_yorkshire"
"548",2021-06-25,99.2721930307486,99.0012804097311,99.5461422087746,"north_east_and_yorkshire"
"549",2021-06-26,99.4287765317389,99.0857142857143,99.652241887739,"north_east_and_yorkshire"
"550",2021-06-27,99.5211330172549,99.2648860573389,99.7401922577293,"north_east_and_yorkshire"
"551",2021-06-28,99.5792930991825,99.2918192918193,99.778784905925,"north_east_and_yorkshire"
"552",2021-06-29,99.627489195934,99.4169420453088,99.7980194846084,"north_east_and_yorkshire"
"553",2021-06-30,99.6867755715597,99.4358597007604,99.8861047835991,"north_east_and_yorkshire"
"554",2021-07-01,99.6936990470469,99.5076923076923,99.8308310425037,"north_east_and_yorkshire"
"555",2021-07-02,99.7167579292765,99.5611410333134,99.8576367703885,"north_east_and_yorkshire"
"556",2021-07-03,99.7635790635125,99.6191135734072,99.9000666222518,"north_east_and_yorkshire"
"557",2021-07-04,99.8023634201442,99.6610259967731,99.9034053451893,"north_east_and_yorkshire"
"558",2021-07-05,99.8375604512979,99.6960024319805,99.9484270242393,"north_east_and_yorkshire"
"559",2021-07-06,99.8450441525791,99.7313728262406,99.9272541678006,"north_east_and_yorkshire"
"560",2021-07-07,99.8868072463057,99.7876857749469,99.9517704058899,"north_east_and_yorkshire"
"561",2021-07-08,99.8841345870715,99.7998928752071,99.9524714828897,"north_east_and_yorkshire"
"562",2021-07-09,99.9052109381418,99.8151991822115,99.9716533588224,"north_east_and_yorkshire"
"563",2021-07-10,99.9125271171492,99.8441356020262,99.9759990399616,"north_east_and_yorkshire"
"564",2021-07-11,99.9266448922087,99.8499624906227,99.9882670421213,"north_east_and_yorkshire"
"565",2021-07-12,99.9353502643859,99.8620055197792,99.9888143176734,"north_east_and_yorkshire"
"566",2021-07-13,99.9431327809809,99.8843796970748,99.9810498389236,"north_east_and_yorkshire"
"567",2021-07-14,99.9554468344437,99.8869824309052,100,"north_east_and_yorkshire"
"568",2021-07-15,99.9518567640315,99.905769029421,99.9898177375013,"north_east_and_yorkshire"
"569",2021-07-16,99.9602375121372,99.8782185107864,100,"north_east_and_yorkshire"
"570",2021-07-17,99.9682173405685,99.9295345462361,100,"north_east_and_yorkshire"
"571",2021-07-18,99.9714149672132,99.9192390524049,100,"north_east_and_yorkshire"
"572",2021-07-19,99.9734395591737,99.9196879302432,100,"north_east_and_yorkshire"
"573",2021-07-20,99.9762410810736,99.9347173260217,100,"north_east_and_yorkshire"
"574",2021-07-21,99.9757601803515,99.9384312276813,100,"north_east_and_yorkshire"
"575",2021-07-22,99.9788732932524,99.9392300418326,100,"north_east_and_yorkshire"
"576",2021-07-23,99.9791749397972,99.9450549450549,100,"north_east_and_yorkshire"
"577",2021-07-24,99.981717043642,99.9333111037012,100,"north_east_and_yorkshire"
"578",2021-07-25,99.983901393466,99.9521988527725,100,"north_east_and_yorkshire"
"579",2021-07-26,99.9846349449089,99.9445890682911,100,"north_east_and_yorkshire"
"580",2021-07-27,99.9869486867162,99.9592418993275,100,"north_east_and_yorkshire"
"581",2021-07-28,99.9868296546496,99.947039614826,100,"north_east_and_yorkshire"
"582",2021-07-29,99.9914492394485,99.9558985667034,100,"north_east_and_yorkshire"
"583",2021-07-30,99.9702096964974,99.9276585483482,99.9852133395981,"north_east_and_yorkshire"
"584",2021-07-31,99.9730697757676,99.9471039407564,99.984896541308,"north_east_and_yorkshire"
"585",2021-03-08,0,0,0,"north_west"
"586",2021-03-09,0,0,0,"north_west"
"587",2021-03-10,0,0,0,"north_west"
"588",2021-03-11,0,0,0,"north_west"
"589",2021-03-12,0,0,0,"north_west"
"590",2021-03-13,0,0,0,"north_west"
"591",2021-03-14,0,0,0,"north_west"
"592",2021-03-15,0,0,0,"north_west"
"593",2021-03-16,0,0,0,"north_west"
"594",2021-03-17,0,0,0,"north_west"
"595",2021-03-18,0,0,0,"north_west"
"596",2021-03-19,0,0,0,"north_west"
"597",2021-03-20,0,0,0,"north_west"
"598",2021-03-21,0,0,0,"north_west"
"599",2021-03-22,0,0,0,"north_west"
"600",2021-03-23,0,0,0,"north_west"
"601",2021-03-24,0,0,0,"north_west"
"602",2021-03-25,0,0,0,"north_west"
"603",2021-03-26,0,0,0,"north_west"
"604",2021-03-27,0,0,0,"north_west"
"605",2021-03-28,0,0,0,"north_west"
"606",2021-03-29,0.0019806591599048,0,0,"north_west"
"607",2021-03-30,0.00445098271750474,0,0.00280583613916691,"north_west"
"608",2021-03-31,0.0131534504044349,0,0.135869565217395,"north_west"
"609",2021-04-01,0.0534962911063105,0,0.502528365095922,"north_west"
"610",2021-04-02,0.217437575269461,0,0.763358778625955,"north_west"
"611",2021-04-03,0.218178858733171,0,0.747384155455899,"north_west"
"612",2021-04-04,0.297837691015915,0,1.02960102960103,"north_west"
"613",2021-04-05,0.470963752608158,0,1.38312586445366,"north_west"
"614",2021-04-06,0.613320652309064,0,1.40865020149224,"north_west"
"615",2021-04-07,0.947839561035118,0.167504187604695,1.76151761517616,"north_west"
"616",2021-04-08,0.96727259056803,0.145772594752192,2.01470445265409,"north_west"
"617",2021-04-09,1.29062632286896,0.484652665589658,2.64765784114053,"north_west"
"618",2021-04-10,1.788283522749,0.633914421553095,3.41394025604552,"north_west"
"619",2021-04-11,1.9982434728807,0.48939641109299,3.73831775700935,"north_west"
"620",2021-04-12,2.44386250010066,1.17020329293595,4.14993014949449,"north_west"
"621",2021-04-13,2.72200876907591,1.08636844901742,4.61307701642039,"north_west"
"622",2021-04-14,3.60031276276371,1.83908045977011,5.63139931740614,"north_west"
"623",2021-04-15,4.60861930087526,2.51851851851852,7.03971119133574,"north_west"
"624",2021-04-16,4.70701716701539,2.77777777777778,6.4867648948473,"north_west"
"625",2021-04-17,6.30160858690646,3.93586005830904,9.35550935550935,"north_west"
"626",2021-04-18,6.83192173869488,3.85185185185185,9.76909413854352,"north_west"
"627",2021-04-19,7.29663790119678,4.78260869565217,9.84182776801406,"north_west"
"628",2021-04-20,8.67825255528177,5.625,11.2648221343874,"north_west"
"629",2021-04-21,10.0980221533966,6.90909090909091,13.3462282398453,"north_west"
"630",2021-04-22,11.6618006877459,8.39002267573696,15.4658264474847,"north_west"
"631",2021-04-23,14.1042404908656,10.1576182136602,17.8151260504202,"north_west"
"632",2021-04-24,16.3241510422336,12.0353982300885,20.1171875,"north_west"
"633",2021-04-25,17.0207136215838,13.5746606334842,21.8800648298217,"north_west"
"634",2021-04-26,19.1120675144676,15.2364273204904,22.9174440298507,"north_west"
"635",2021-04-27,21.6300734340387,17.84140969163,26.1437908496732,"north_west"
"636",2021-04-28,23.5621114913651,19.5035913304905,27.2610299751739,"north_west"
"637",2021-04-29,26.3852505236223,21.4285714285714,31.2796208530806,"north_west"
"638",2021-04-30,30.242646817732,26.0223048327138,34.765625,"north_west"
"639",2021-05-01,33.6532530996299,29.143897996357,37.521815008726,"north_west"
"640",2021-05-02,35.0851060326058,30.7755917408091,39.3939393939394,"north_west"
"641",2021-05-03,39.1113185422948,33.9449541284404,43.0727733093798,"north_west"
"642",2021-05-04,40.2622614251646,35.0498338870432,44.7565543071161,"north_west"
"643",2021-05-05,45.2659673209561,40.9871244635193,50.0711237553343,"north_west"
"644",2021-05-06,48.1970737677347,43.5590969455511,52.0057306590258,"north_west"
"645",2021-05-07,52.5230482230451,47.5073313782991,56.5384615384615,"north_west"
"646",2021-05-08,55.9099911025992,51.7557251908397,60.1781170483461,"north_west"
"647",2021-05-09,57.5473132424735,53.5971223021583,61.9565217391304,"north_west"
"648",2021-05-10,60.7117929160468,55.5408970976253,64.9560117302053,"north_west"
"649",2021-05-11,64.7407748141569,60.3877687199899,69.5278969957082,"north_west"
"650",2021-05-12,65.2150729876408,61.8107061382567,69.1044776119403,"north_west"
"651",2021-05-13,66.809741693633,63.4474327628362,70.5325443786982,"north_west"
"652",2021-05-14,71.6538189763503,67.9266895761741,75.6806521067751,"north_west"
"653",2021-05-15,73.6457348653336,69.8754246885617,76.5868886576483,"north_west"
"654",2021-05-16,76.1720945797767,73.5759317350919,79.002079002079,"north_west"
"655",2021-05-17,78.4848469143644,75.6756756756757,80.8917197452229,"north_west"
"656",2021-05-18,80.5947833703608,78.030303030303,83.2298136645963,"north_west"
"657",2021-05-19,82.0766150215973,79.6006944444444,84.9514563106796,"north_west"
"658",2021-05-20,82.9294084375562,80.841368658667,85.0553505535055,"north_west"
"659",2021-05-21,85.1027670804839,82.8550932568149,87.0813397129187,"north_west"
"660",2021-05-22,86.108006933978,83.960092095165,88.0703283934752,"north_west"
"661",2021-05-23,87.8323679008679,86.0194174757282,89.6875,"north_west"
"662",2021-05-24,89.3658929611395,87.4479889042996,90.8488063660477,"north_west"
"663",2021-05-25,90.2253689300591,88.8153540701522,91.8140144073346,"north_west"
"664",2021-05-26,90.9078433607982,89.5748987854251,92.1928817451205,"north_west"
"665",2021-05-27,91.6305389589794,90.3694730466384,92.8705440900563,"north_west"
"666",2021-05-28,92.6631155921751,91.5,93.7736870600975,"north_west"
"667",2021-05-29,93.593629409276,92.3201730665224,94.6094609460946,"north_west"
"668",2021-05-30,94.4774018340693,93.2352941176471,95.4713006845708,"north_west"
"669",2021-05-31,94.938242966109,93.921139101862,95.9026175536244,"north_west"
"670",2021-06-01,95.5517168021518,94.7079380928607,96.5610859728507,"north_west"
"671",2021-06-02,95.9160074717601,95.0920573715007,96.7495987158909,"north_west"
"672",2021-06-03,96.5054060769292,95.7053710137075,97.1527178602243,"north_west"
"673",2021-06-04,96.3883849700486,95.5861301576804,97.0802919708029,"north_west"
"674",2021-06-05,97.1426231844308,96.5116279069768,98.0240549828179,"north_west"
"675",2021-06-06,97.2529824242927,96.5075296379366,97.8994490358127,"north_west"
"676",2021-06-07,97.4613771908446,96.8590211833455,97.9534510433387,"north_west"
"677",2021-06-08,97.6525487258916,97.0828886517254,98.1723532696251,"north_west"
"678",2021-06-09,98.1497863830734,97.710431171862,98.6486486486486,"north_west"
"679",2021-06-10,98.1930134373111,97.7702074945804,98.5939421999232,"north_west"
"680",2021-06-11,98.4727863324726,98.0365605958023,98.8925423167653,"north_west"
"681",2021-06-12,98.6560685524885,98.2936454232284,99.0022607831509,"north_west"
"682",2021-06-13,98.7902078042859,98.3499896450035,99.1649269311065,"north_west"
"683",2021-06-14,98.7367250347,98.2869379014989,99.0471285088849,"north_west"
"684",2021-06-15,99.0425305713649,98.7166831194472,99.341021416804,"north_west"
"685",2021-06-16,99.0705488264351,98.7620547535413,99.3540810334703,"north_west"
"686",2021-06-17,99.1443976995582,98.8352272727273,99.3794642497964,"north_west"
"687",2021-06-18,99.2648132503063,99.0083438358576,99.5358090185676,"north_west"
"688",2021-06-19,99.3058057025233,99.0543985078737,99.5630802839978,"north_west"
"689",2021-06-20,99.388228548825,99.1093117408907,99.6262219666475,"north_west"
"690",2021-06-21,99.3532091265657,99.0698657433215,99.5555555555556,"north_west"
"691",2021-06-22,99.5963044559085,99.3441762854145,99.8025562921741,"north_west"
"692",2021-06-23,99.610634369285,99.4262765347103,99.7957992998833,"north_west"
"693",2021-06-24,99.574564353015,99.3481803367735,99.7615262321145,"north_west"
"694",2021-06-25,99.579683951572,99.3156309882288,99.7626314004747,"north_west"
"695",2021-06-26,99.6596503225555,99.4589028783196,99.8602961721151,"north_west"
"696",2021-06-27,99.6677397213025,99.5071887889418,99.8218527315914,"north_west"
"697",2021-06-28,99.7370655952943,99.5657950818868,99.8718116261831,"north_west"
"698",2021-06-29,99.7698424260433,99.5490446414655,99.9154691462384,"north_west"
"699",2021-06-30,99.7800602855786,99.624765478424,99.9060117542422,"north_west"
"700",2021-07-01,99.8009553426543,99.6469757590021,99.943961894088,"north_west"
"701",2021-07-02,99.8166337762317,99.6706657257116,99.9527074958619,"north_west"
"702",2021-07-03,99.8453555901507,99.7100608872137,99.9552372426141,"north_west"
"703",2021-07-04,99.8351784869199,99.7106610282662,99.9342249506687,"north_west"
"704",2021-07-05,99.8462377011653,99.728479065674,99.9494310998736,"north_west"
"705",2021-07-06,99.8702722450459,99.745493107105,99.9780364594773,"north_west"
"706",2021-07-07,99.9005832503171,99.7957624024604,100,"north_west"
"707",2021-07-08,99.8966654803314,99.7803514376997,99.9814951887491,"north_west"
"708",2021-07-09,99.9114522052695,99.8152300136868,99.9834382245777,"north_west"
"709",2021-07-10,99.9231233809405,99.835255354201,100,"north_west"
"710",2021-07-11,99.9300390183605,99.847689964461,99.9849578820698,"north_west"
"711",2021-07-12,99.9333400999857,99.8563218390805,99.9860704833542,"north_west"
"712",2021-07-13,99.9286529366158,99.8309512832334,99.9827019546791,"north_west"
"713",2021-07-14,99.950198433252,99.8791540785498,100,"north_west"
"714",2021-07-15,99.9547218580291,99.8954287421572,100,"north_west"
"715",2021-07-16,99.9616318651178,99.906103286385,100,"north_west"
"716",2021-07-17,99.9490554735836,99.8909487459106,99.9862841901091,"north_west"
"717",2021-07-18,99.9663918714167,99.9121510425208,100,"north_west"
"718",2021-07-19,99.9664435338898,99.9182496150958,100,"north_west"
"719",2021-07-20,99.970369946857,99.931728963987,100,"north_west"
"720",2021-07-21,99.9714054290788,99.9140752246145,100,"north_west"
"721",2021-07-22,99.9747490946442,99.9247271358675,100,"north_west"
"722",2021-07-23,99.9753086320119,99.9131190269331,100,"north_west"
"723",2021-07-24,99.980687706276,99.9235181644359,100,"north_west"
"724",2021-07-25,99.9827964073284,99.9372516209998,100,"north_west"
"725",2021-07-26,99.9881096808115,99.9502137649349,100,"north_west"
"726",2021-07-27,99.9887073871927,99.9435662708713,100,"north_west"
"727",2021-07-28,99.9855620582727,99.9220576773188,100,"north_west"
"728",2021-07-29,99.941081803654,99.8637602179837,99.9779296555103,"north_west"
"729",2021-07-30,99.9893760433929,99.9369085173501,100,"north_west"
"730",2021-07-31,99.9488492653293,99.8833138856476,99.9753269183321,"north_west"
"731",2021-03-08,0,0,0,"south_east"
"732",2021-03-09,0,0,0,"south_east"
"733",2021-03-10,0,0,0,"south_east"
"734",2021-03-11,0,0,0,"south_east"
"735",2021-03-12,0,0,0,"south_east"
"736",2021-03-13,0,0,0,"south_east"
"737",2021-03-14,0,0,0,"south_east"
"738",2021-03-15,0,0,0,"south_east"
"739",2021-03-16,0,0,0,"south_east"
"740",2021-03-17,0,0,0,"south_east"
"741",2021-03-18,0,0,0,"south_east"
"742",2021-03-19,0,0,0,"south_east"
"743",2021-03-20,0,0,0,"south_east"
"744",2021-03-21,0,0,0,"south_east"
"745",2021-03-22,0,0,0,"south_east"
"746",2021-03-23,0,0,0,"south_east"
"747",2021-03-24,0.000543219717911458,0,0,"south_east"
"748",2021-03-25,0.00561391932361028,0,0,"south_east"
"749",2021-03-26,0.00611106324540853,0,0,"south_east"
"750",2021-03-27,0.0170758405393265,0,0,"south_east"
"751",2021-03-28,0.0196622838986382,0,0.2092050209205,"south_east"
"752",2021-03-29,0.0552994108674831,0,0.584795321637432,"south_east"
"753",2021-03-30,0.0977403549869978,0,1.08214556950846,"south_east"
"754",2021-03-31,0.200133345061264,0,1.46386692349283,"south_east"
"755",2021-04-01,0.461695280542449,0,1.54867256637168,"south_east"
"756",2021-04-02,0.637496253299581,0,2.2271714922049,"south_east"
"757",2021-04-03,1.13624167660847,0.207692722662777,2.95698924731183,"south_east"
"758",2021-04-04,1.28182329015636,0,3.06122448979592,"south_east"
"759",2021-04-05,1.58410100433905,0.196850393700787,3.42298288508558,"south_east"
"760",2021-04-06,2.15135781919938,0.843881856540085,4.20560747663551,"south_east"
"761",2021-04-07,2.30473717809618,0.656455142231949,4.37192818923564,"south_east"
"762",2021-04-08,3.02757835814915,0.531914893617025,5.56962025316455,"south_east"
"763",2021-04-09,3.61180742535466,1.68269230769231,6.93641618497109,"south_east"
"764",2021-04-10,4.37846838812525,2.41684198223469,7.57097791798107,"south_east"
"765",2021-04-11,4.71038080414444,1.99556541019955,8.01186943620178,"south_east"
"766",2021-04-12,5.23980767652298,2.55681818181818,9.16230366492147,"south_east"
"767",2021-04-13,6.46550989662355,3.55450236966824,10.3806228373702,"south_east"
"768",2021-04-14,7.38584591998275,3.84615384615384,11.3095238095238,"south_east"
"769",2021-04-15,7.86985751817343,4.15335463258786,11.9565217391304,"south_east"
"770",2021-04-16,9.12822607976979,5.86924691125153,15.0273224043716,"south_east"
"771",2021-04-17,11.1553116471931,7.18674485861183,15.0877192982456,"south_east"
"772",2021-04-18,11.7668920282187,7.7120822622108,16.0181916720223,"south_east"
"773",2021-04-19,12.1416032905696,7.74410774410774,16.7777833156123,"south_east"
"774",2021-04-20,13.7975834197076,10.602250059842,18.3222728392022,"south_east"
"775",2021-04-21,15.8787521256256,11.6158128243764,21.1538461538462,"south_east"
"776",2021-04-22,16.6731859570747,12.1951219512195,21.9269102990033,"south_east"
"777",2021-04-23,19.0664260466816,13.3105802047782,25.1572327044025,"south_east"
"778",2021-04-24,20.2827119895434,14.9606299212598,27.2788935870331,"south_east"
"779",2021-04-25,20.978804375181,16.4141414141414,27.0588235294118,"south_east"
"780",2021-04-26,23.0710092623004,16.3366336633663,28.5714285714286,"south_east"
"781",2021-04-27,24.5432394718634,18.1494661921708,31.8340821842345,"south_east"
"782",2021-04-28,26.9425707820157,21.7955886097437,33.4586466165414,"south_east"
"783",2021-04-29,29.3847056360444,22.3433242506812,35.2313167259786,"south_east"
"784",2021-04-30,29.54717414368,24.1176470588235,35.3223642426167,"south_east"
"785",2021-05-01,31.9115738876464,25.5172413793103,38.2513661202186,"south_east"
"786",2021-05-02,33.638717006856,26.1971830985915,40.678130790437,"south_east"
"787",2021-05-03,35.1381968848805,29.0748898678414,42.474566096554,"south_east"
"788",2021-05-04,37.4352630645179,30.5503371868979,44.0049107142857,"south_east"
"789",2021-05-05,41.5994824288902,35.4978354978355,48.605577689243,"south_east"
"790",2021-05-06,41.7507574690182,37.0364357864358,49.1855135496822,"south_east"
"791",2021-05-07,44.1152319993148,37.3711340206186,49.8435010243569,"south_east"
"792",2021-05-08,47.4695862651449,38.5135135135135,55.428611636042,"south_east"
"793",2021-05-09,47.6385593050049,41.1442307692308,54.270451445136,"south_east"
"794",2021-05-10,51.5986100726821,45.0180918479111,58.8,"south_east"
"795",2021-05-11,52.8646241310262,45.1127819548872,60,"south_east"
"796",2021-05-12,54.9315744207205,48.8372093023256,61.5873015873016,"south_east"
"797",2021-05-13,57.8904534417976,52.2818448604061,66.2962962962963,"south_east"
"798",2021-05-14,60.7957847632738,53.1365131578947,66.9968220338983,"south_east"
"799",2021-05-15,62.0728202473561,56.5916398713826,68.9419795221843,"south_east"
"800",2021-05-16,64.888468707215,59.3639575971731,70.3883495145631,"south_east"
"801",2021-05-17,66.9430944082837,60.2803738317757,71.711215932914,"south_east"
"802",2021-05-18,69.0065336095569,58.6330935251799,74.9271137026239,"south_east"
"803",2021-05-19,70.0818617030611,63.7195736434109,75.7746478873239,"south_east"
"804",2021-05-20,73.2460832364182,67.9802955665025,80.8139534883721,"south_east"
"805",2021-05-21,75.1561562858625,70.4290608816471,79.2857142857143,"south_east"
"806",2021-05-22,77.5972373036594,71.9367588932806,83.0670926517572,"south_east"
"807",2021-05-23,77.4634314860238,71.9298245614035,82.9192546583851,"south_east"
"808",2021-05-24,79.6325613438754,74.4107744107744,84.5638123394981,"south_east"
"809",2021-05-25,81.1916492801431,77.3519163763066,84.9840255591054,"south_east"
"810",2021-05-26,83.4515751804646,78.5276073619632,87.0503597122302,"south_east"
"811",2021-05-27,84.8963029719125,81.0126582278481,89.3175074183976,"south_east"
"812",2021-05-28,87.4238792959837,83.289124668435,90.7424924924925,"south_east"
"813",2021-05-29,87.5338716199509,83.8805970149254,91.4012738853503,"south_east"
"814",2021-05-30,88.3492980886001,84.054054054054,91.717791411043,"south_east"
"815",2021-05-31,89.900878058942,86.3080684596577,93.1924882629108,"south_east"
"816",2021-06-01,89.6677566648569,85.2130325814536,92.4479166666667,"south_east"
"817",2021-06-02,92.0847130235637,89.5652173913044,94.4858257314744,"south_east"
"818",2021-06-03,92.0722675112809,89.6373056994819,94.919168591224,"south_east"
"819",2021-06-04,93.0032839484048,90.4977375565611,95.3389830508475,"south_east"
"820",2021-06-05,93.2229787761764,91.1694510739857,95.4789915966387,"south_east"
"821",2021-06-06,94.5086133966366,92.7613941018767,96.4285714285714,"south_east"
"822",2021-06-07,95.2093071163053,93.141592920354,97.0479704797048,"south_east"
"823",2021-06-08,95.0635485188982,92.0993227990971,96.8181818181818,"south_east"
"824",2021-06-09,95.075638187194,93.2409012131716,97.0822281167109,"south_east"
"825",2021-06-10,96.0817767091821,94.4206008583691,97.4459724950884,"south_east"
"826",2021-06-11,96.6468901389959,95.1515151515152,97.8174603174603,"south_east"
"827",2021-06-12,97.0625217680035,94.9389179755672,98.422090729783,"south_east"
"828",2021-06-13,96.7524703895379,95.3874538745387,98.2986767485822,"south_east"
"829",2021-06-14,97.460191500432,95.8548831714361,98.8059701492537,"south_east"
"830",2021-06-15,97.739916133841,96.5506294471812,98.8727858293076,"south_east"
"831",2021-06-16,97.4545801396968,96.0950764006791,98.5155195681511,"south_east"
"832",2021-06-17,98.2897257632987,97.4472680871998,99.2805755395683,"south_east"
"833",2021-06-18,98.2196408675537,97.2343522561863,99.1909385113269,"south_east"
"834",2021-06-19,98.442083859,97.1359761048602,99.4126284875183,"south_east"
"835",2021-06-20,98.5443494644952,97.2340425531915,99.2840095465394,"south_east"
"836",2021-06-21,98.6310600603807,97.83728115345,99.2927864214993,"south_east"
"837",2021-06-22,98.7355786248109,97.9713603818616,99.4436717663421,"south_east"
"838",2021-06-23,98.8032054305812,98.0984340044743,99.4834710743802,"south_east"
"839",2021-06-24,99.0366698011135,98.4468339307049,99.6119016817594,"south_east"
"840",2021-06-25,99.1983209134584,98.6550632911392,99.6935674471401,"south_east"
"841",2021-06-26,99.3058255461194,98.5803775743707,99.8876404494382,"south_east"
"842",2021-06-27,99.3289020771132,98.7394957983193,99.7883597883598,"south_east"
"843",2021-06-28,99.4127040128769,98.9714686924604,99.79633401222,"south_east"
"844",2021-06-29,99.4719832664334,99.0402876781287,99.8321669499903,"south_east"
"845",2021-06-30,99.5833152769197,99.165120593692,100,"south_east"
"846",2021-07-01,99.4807577804454,99.0719758592621,99.7701149425287,"south_east"
"847",2021-07-02,99.6396890582112,99.2260044642857,99.9384236453202,"south_east"
"848",2021-07-03,99.630552522408,99.2709599027947,99.9383477188656,"south_east"
"849",2021-07-04,99.662651506202,99.3386243386243,99.8865570051049,"south_east"
"850",2021-07-05,99.7421385814605,99.4114499732477,99.9441028507546,"south_east"
"851",2021-07-06,99.7249871073279,99.4542902416578,100,"south_east"
"852",2021-07-07,99.7820666710866,99.4452149791956,99.959266802444,"south_east"
"853",2021-07-08,99.7740569212836,99.4267675971117,99.9557522123894,"south_east"
"854",2021-07-09,99.8043076845066,99.6062992125984,99.961285327139,"south_east"
"855",2021-07-10,99.8124377604447,99.628051065289,99.9670727691801,"south_east"
"856",2021-07-11,99.8321758259003,99.6658586608475,99.9712891185759,"south_east"
"857",2021-07-12,99.8633373366998,99.6827584077403,99.9714448886351,"south_east"
"858",2021-07-13,99.8460731995611,99.6688741721854,99.9522445081184,"south_east"
"859",2021-07-14,99.8534255887195,99.7332039776861,99.9775186857141,"south_east"
"860",2021-07-15,99.8889394258445,99.7620320717184,99.9806389157793,"south_east"
"861",2021-07-16,99.9010475380161,99.7714285714286,100,"south_east"
"862",2021-07-17,99.9030823260194,99.8029340245857,99.9826869806094,"south_east"
"863",2021-07-18,99.9074725957719,99.8040345948483,99.9623831743372,"south_east"
"864",2021-07-19,99.9220230680161,99.8089282612472,100,"south_east"
"865",2021-07-20,99.9239060830675,99.812030075188,100,"south_east"
"866",2021-07-21,99.9270852821716,99.8135874067937,100,"south_east"
"867",2021-07-22,99.9390399107967,99.844995571302,100,"south_east"
"868",2021-07-23,99.9393559059067,99.8450413223141,100,"south_east"
"869",2021-07-24,99.9431420157084,99.820742637644,100,"south_east"
"870",2021-07-25,99.9488293536432,99.8538927155082,100,"south_east"
"871",2021-07-26,99.9506454177173,99.874457306725,100,"south_east"
"872",2021-07-27,99.9562930225779,99.872245289045,100,"south_east"
"873",2021-07-28,99.9583175530309,99.8559482108475,100,"south_east"
"874",2021-07-29,99.9613787919612,99.8538963360635,100,"south_east"
"875",2021-07-30,99.9601317558435,99.8796510397961,100,"south_east"
"876",2021-07-31,99.9588151281642,99.8843930635838,100,"south_east"
"877",2021-03-08,0,0,0,"south_west"
"878",2021-03-09,0,0,0,"south_west"
"879",2021-03-10,0,0,0,"south_west"
"880",2021-03-11,0,0,0,"south_west"
"881",2021-03-12,0,0,0,"south_west"
"882",2021-03-13,0,0,0,"south_west"
"883",2021-03-14,0,0,0,"south_west"
"884",2021-03-15,0,0,0,"south_west"
"885",2021-03-16,0,0,0,"south_west"
"886",2021-03-17,0,0,0,"south_west"
"887",2021-03-18,0,0,0,"south_west"
"888",2021-03-19,0,0,0,"south_west"
"889",2021-03-20,0,0,0,"south_west"
"890",2021-03-21,0,0,0,"south_west"
"891",2021-03-22,0,0,0,"south_west"
"892",2021-03-23,0,0,0,"south_west"
"893",2021-03-24,0,0,0,"south_west"
"894",2021-03-25,0,0,0,"south_west"
"895",2021-03-26,0,0,0,"south_west"
"896",2021-03-27,0,0,0,"south_west"
"897",2021-03-28,0.0095777680455639,0,0,"south_west"
"898",2021-03-29,0.00571009107637483,0,0,"south_west"
"899",2021-03-30,0.0195020974229312,0,0,"south_west"
"900",2021-03-31,0.0281057876202243,0,0.336700336700335,"south_west"
"901",2021-04-01,0.0413496524541184,0,0.643086816720262,"south_west"
"902",2021-04-02,0.0903669425899129,0,1.21777279389343,"south_west"
"903",2021-04-03,0.239825788223071,0,1.78041543026706,"south_west"
"904",2021-04-04,0.35706046337333,0,1.96850393700787,"south_west"
"905",2021-04-05,0.549238401745154,0,2.47416077738515,"south_west"
"906",2021-04-06,0.762542136554911,0,3.04878048780488,"south_west"
"907",2021-04-07,1.67690992486393,0.312500000000004,4.18250950570342,"south_west"
"908",2021-04-08,1.66244414683823,0,4.08921933085502,"south_west"
"909",2021-04-09,2.01681462267003,0.300300300300305,4.36235955056179,"south_west"
"910",2021-04-10,3.00321198979397,0.996677740863783,6.34328358208955,"south_west"
"911",2021-04-11,3.43980772161942,1.28617363344051,6.17283950617284,"south_west"
"912",2021-04-12,3.71955215157118,0.746062124800355,6.98529411764706,"south_west"
"913",2021-04-13,4.61701306179568,1.80180180180181,8.17120622568094,"south_west"
"914",2021-04-14,5.15990215128385,1.54320987654321,9.32352150537634,"south_west"
"915",2021-04-15,6.39649447821981,2.61556076259452,11.5241635687732,"south_west"
"916",2021-04-16,7.38675929390645,3.6734693877551,11.9564167572136,"south_west"
"917",2021-04-17,8.35991129982446,4.58715596330275,12.723896434635,"south_west"
"918",2021-04-18,8.98697976671067,3.36134453781513,14.8351648351648,"south_west"
"919",2021-04-19,10.0029005365026,5.44747081712063,15.1515151515151,"south_west"
"920",2021-04-20,11.2666199387722,6.68742887489568,16.4504836727059,"south_west"
"921",2021-04-21,12.7906396237075,6.88405797101449,18.3520599250936,"south_west"
"922",2021-04-22,14.0914904975538,8.02919708029197,20.6730769230769,"south_west"
"923",2021-04-23,16.0549810986608,9.83606557377049,23.8493723849372,"south_west"
"924",2021-04-24,17.4148633952392,11.8721461187215,26.3888888888889,"south_west"
"925",2021-04-25,19.0312341796798,10.3703703703704,25.2188246536073,"south_west"
"926",2021-04-26,21.324748103413,12.5,28.2608695652174,"south_west"
"927",2021-04-27,22.4255299483599,13.8888888888889,29.6542657434021,"south_west"
"928",2021-04-28,24.1840851149611,16.9172932330827,32.9545454545455,"south_west"
"929",2021-04-29,25.4032230992181,17.2185430463576,34.1584158415842,"south_west"
"930",2021-04-30,27.9601750547402,19.672131147541,36.9747899159664,"south_west"
"931",2021-05-01,30.5515391541955,21.3836477987421,41.2556053811659,"south_west"
"932",2021-05-02,32.1733688024811,22.5806451612903,43.2539343140609,"south_west"
"933",2021-05-03,34.625940500432,23.8330556252996,43.859649122807,"south_west"
"934",2021-05-04,36.5646688058629,27.8048780487805,45.6285755148741,"south_west"
"935",2021-05-05,39.4871216117051,29.6551724137931,50,"south_west"
"936",2021-05-06,41.942257865356,31,52.760736196319,"south_west"
"937",2021-05-07,43.265628100945,32.7433628318584,53.9877300613497,"south_west"
"938",2021-05-08,46.4448212657011,34.9775784753363,57.3705179282868,"south_west"
"939",2021-05-09,48.0583814630487,37.7272727272727,59.5,"south_west"
"940",2021-05-10,50.3218368820415,39.5061728395062,59.5890410958904,"south_west"
"941",2021-05-11,51.328858426231,40.6862745098039,60.3864734299517,"south_west"
"942",2021-05-12,55.3933957723567,46.236559139785,65.0887573964497,"south_west"
"943",2021-05-13,57.1670550509268,46.4601769911504,65.4059085681426,"south_west"
"944",2021-05-14,59.4205374847562,49.3470418470419,67.9200036403349,"south_west"
"945",2021-05-15,61.0585596364349,50.6756756756757,71.0305054626826,"south_west"
"946",2021-05-16,62.2783836509043,54.0607308521129,71.0144927536232,"south_west"
"947",2021-05-17,65.1866971865515,57.6271186440678,74.8091603053435,"south_west"
"948",2021-05-18,66.6554439154599,57.5,76.4705882352941,"south_west"
"949",2021-05-19,67.9078692178408,58.5846267553585,75.6766409266409,"south_west"
"950",2021-05-20,69.3353377442329,61.3496932515337,77.1812080536913,"south_west"
"951",2021-05-21,72.4784176439309,64.6666666666667,79.6116504854369,"south_west"
"952",2021-05-22,73.4158959184406,65.1392857142857,82.1428571428571,"south_west"
"953",2021-05-23,75.9793790801277,68.2922624053827,82.9457364341085,"south_west"
"954",2021-05-24,77.4257707630881,69.0058479532164,84.7133757961784,"south_west"
"955",2021-05-25,77.8979143971432,71.875,83.6257309941521,"south_west"
"956",2021-05-26,80.2882885751075,72.8723404255319,86.096256684492,"south_west"
"957",2021-05-27,83.0863489114393,76.844713025547,90.0523560209424,"south_west"
"958",2021-05-28,82.6295351194841,75.7847533632287,88.7931034482759,"south_west"
"959",2021-05-29,85.4631239767533,79.9977678571429,90.8629441624365,"south_west"
"960",2021-05-30,86.5976287110982,81.3845476557341,91.0204081632653,"south_west"
"961",2021-05-31,85.450107957818,80.7507429900504,89.6265560165975,"south_west"
"962",2021-06-01,89.6345681585512,85.0574712643678,93.75,"south_west"
"963",2021-06-02,90.2670523137902,86.4077669902913,93.2692307692308,"south_west"
"964",2021-06-03,91.4541553405422,87.8224282242822,95.0892857142857,"south_west"
"965",2021-06-04,89.9827956152019,86.3813229571984,93.0555555555556,"south_west"
"966",2021-06-05,91.4575512015336,88.1329076151826,94.6280991735537,"south_west"
"967",2021-06-06,92.7283442322031,89.4021739130435,95.7575757575758,"south_west"
"968",2021-06-07,90.9675492302454,87.6506024096386,93.2153392330383,"south_west"
"969",2021-06-08,93.9817600949075,91.1528150134048,96.0714285714286,"south_west"
"970",2021-06-09,95.0878592806686,92.9480769230769,97.0406005447292,"south_west"
"971",2021-06-10,94.6134081418975,92.6121372031662,96.5151258869597,"south_west"
"972",2021-06-11,96.04570554164,93.8818565400844,97.9848866498741,"south_west"
"973",2021-06-12,96.2338718826415,94.311377245509,97.9381443298969,"south_west"
"974",2021-06-13,96.804549864982,95.1167728237792,98.4850117554859,"south_west"
"975",2021-06-14,97.0356859576785,95.0156752411575,98.5267034990792,"south_west"
"976",2021-06-15,97.6019918116721,96.362601496577,99.1752577319588,"south_west"
"977",2021-06-16,97.0242389167941,95.6375838926175,98.12734082397,"south_west"
"978",2021-06-17,97.5159986434918,96.3570258021877,98.531810766721,"south_west"
"979",2021-06-18,98.1391257146314,96.865671641791,99.1215226939971,"south_west"
"980",2021-06-19,98.1175008657861,96.9846530925521,98.9492119089317,"south_west"
"981",2021-06-20,98.1721451287757,96.9626168224299,99.2805755395683,"south_west"
"982",2021-06-21,98.5134745049556,97.6331360946746,99.3085584775335,"south_west"
"983",2021-06-22,98.5111626294446,97.6933408561858,99.2273730684327,"south_west"
"984",2021-06-23,98.8549776995291,98.0851063829787,99.4199535962877,"south_west"
"985",2021-06-24,98.8354875675258,98.12734082397,99.3157380254154,"south_west"
"986",2021-06-25,99.0077377461275,98.3365949119374,99.566630552546,"south_west"
"987",2021-06-26,99.0198270089064,98.3920367534456,99.5377977696935,"south_west"
"988",2021-06-27,99.0909365352734,98.6382978723404,99.57805907173,"south_west"
"989",2021-06-28,99.1470508089115,98.6181650607457,99.6901626646011,"south_west"
"990",2021-06-29,99.2983362388103,98.7851176917236,99.667994687915,"south_west"
"991",2021-06-30,99.4249274484326,99.0029325513196,99.792195256481,"south_west"
"992",2021-07-01,99.4757853353785,99.0678268418018,99.8083067092652,"south_west"
"993",2021-07-02,99.489225263203,99.0842490842491,99.7652582159624,"south_west"
"994",2021-07-03,99.5848819516207,99.1730279898219,99.8913633894623,"south_west"
"995",2021-07-04,99.5829463160022,99.2619926199262,99.8785944908038,"south_west"
"996",2021-07-05,99.5884159123222,99.3140617344439,99.8849913743531,"south_west"
"997",2021-07-06,99.6509633026425,99.3987975951904,99.907063197026,"south_west"
"998",2021-07-07,99.6035887995292,99.3214708136203,99.8141263940521,"south_west"
"999",2021-07-08,99.7634927573907,99.4864612511671,99.952539155197,"south_west"
"1000",2021-07-09,99.7626611330379,99.5416666666667,99.9591561340214,"south_west"
"1001",2021-07-10,99.7743470329483,99.5572289495452,99.9323410013532,"south_west"
"1002",2021-07-11,99.7894688283384,99.5863495346432,99.9623493975904,"south_west"
"1003",2021-07-12,99.800184783179,99.5830660679923,99.9447513812155,"south_west"
"1004",2021-07-13,99.8162453679156,99.6393146979261,99.9659863945578,"south_west"
"1005",2021-07-14,99.8237892689582,99.6014943960149,99.945085118067,"south_west"
"1006",2021-07-15,99.8522111312038,99.6900421880245,99.9738766980146,"south_west"
"1007",2021-07-16,99.8609021122772,99.6985475472732,99.9723527785458,"south_west"
"1008",2021-07-17,99.8773184145095,99.7435897435898,100,"south_west"
"1009",2021-07-18,99.889309939453,99.7651579846285,99.97476022211,"south_west"
"1010",2021-07-19,99.8963478856514,99.7683397683398,100,"south_west"
"1011",2021-07-20,99.9078691762716,99.7780244173141,100,"south_west"
"1012",2021-07-21,99.9011632774473,99.7338803048435,100,"south_west"
"1013",2021-07-22,99.9173361826965,99.7734627831715,100,"south_west"
"1014",2021-07-23,99.9335622807038,99.8129092609916,100,"south_west"
"1015",2021-07-24,99.9357922003208,99.7807546555727,100,"south_west"
"1016",2021-07-25,99.9357995249197,99.7988602078445,100,"south_west"
"1017",2021-07-26,99.9476009295373,99.8378597486826,100,"south_west"
"1018",2021-07-27,99.9469910783903,99.8431782540512,100,"south_west"
"1019",2021-07-28,99.9493421655069,99.8226164079823,100,"south_west"
"1020",2021-07-29,99.9502279251707,99.8106060606061,100,"south_west"
"1021",2021-07-30,99.954566875133,99.8209565313089,100,"south_west"
"1022",2021-07-31,99.9514624684906,99.8024317683974,100,"south_west"
